date,Senorita,Bad Guy,Truth Hurts,Old Town Road,Ran$om,Talk,No Guidance,I Don't Care,Goodbyes,If I Can't Have You,Someone You Loved,Sucker,Money In The Grave,You Need To Calm Down,Sunflower (Spider Man: Into The Spider Verse),The Git Up,Suge,Beautiful People,Lover,Boyfriend,The London,Hot Girl Summer,Dancing With A Stranger,Baby,Beer Never Broke My Heart,Hot,Pop Out,"Hey Look Ma, I Made It",Wow ,Without Me,Speechless,Bad Bad Bad,Motivation,Knockin' Boots,My Type,How Do You Sleep?,7 Rings,Panini,Cash Shit,Rearview Town,God's Country,Trampoline,All To Myself,Whiskey Glasses,Shotta Flow,Only Human,Slide Away,Otro Trago,One Thing Right,China,The Ones That Didn't Make It Back Home,Clout,Queen Of Mean,Easier,What's The Move,Callaita,On Chill,ME,I Don't Know About You,Just How It Is,Surf,Call You Mine,Go Loko,Lalala,Never Really Over,Raised On Country,Living,Press,Time,Sup Mate,Southbound,Hate Me,No Me Conoce,Love You Too Late,Won't Be Late,It's You,Tip Of My Tongue,Heartless,Ballin',Prayed For You,Soltera,Light It Up,Juicy,Lil Baby,Right Back,EARFQUAKE,F N,Buy My Own Drinks,Mac 10,What Happens In A Small Town,Some Of It,Ecstasy,What If I Never Get Over You,Uno,Daddy,We Were,Baby Sitter,Takeaway,Every Little Thing,Did It Again,Happier,Sweet But Psycho,Better,Going Bad,Talk You Out Of It,Gold Roses,Just Us,Small Talk,Night Falls,Snake Skin,24/7,Love Ain't,Sanguine Paradise,Rodeo,Tap,La La Land,Que Pretendes,Single Again,Worth It,Shallow,Trust Issues,How About Now,The Motion,Dreams Money Can Buy,Hot Shower,Club Paradise,Antisocial,Fear Inoculum,Days In The East,Before I Let Go,High Hopes,Sicko Mode,Cross Me,The Archer,Leave Me Alone,The Search,Baguettes In The Face,MEGATRON,All Day Long,Do You Remember,Calma,Cool,Nightmare,Rumor,Act Up,GIRL,Con Calma,Middle Child,Brown Skin Girl,Under The Sun,Mood 4 Eva,Wish Wish,South Of The Border,Pure Water,Remember The Name,Walk Me Home,Look What God Gave Her,BLOW,Like A Rodeo,Spirit,Best Part Of Me,Wake Up,Eastside,Look Back At It,Down Bad,Good As You,Costa Rica,Out The Mud,Girls Need Love,Mother's Daughter,Ocean Eyes,Higher Love,Don't Check On Me,Homicide,Please Me,When I Grow Up,Eyes On You,Bacc At It Again,"Break Up With Your Girlfriend, I'm Bored",Here With Me,Love Someone,Big Ole Freak,You Stay,Baila Baila Baila,Omerta,Summer Days,When The Party's Over,Envy Me,Miss Me More,Sanctuary,Rescue Me,Te Robare,Robbery,Racks In The Middle,Beautiful Crazy,Close Friends,Bury A Friend,Even Though I'm Leaving,Put A Date On It,Heaven,Please Tell Me,On My Way To You,Amor Genuino,XanaX Damage,Government Official,Murder On My Mind,Isis,Boy With Luv,Shut Up About Politics,Under Enemy Arms,Night Shift,A Lot,Thotiana,Higher,Who Do You Love,Don't Call Me Up,Earth,Juice,HP,Mixed Personalities,Paradise,Triggered,Girls Like You,I Think,Celebrate,Jealous,Running Out Of Time,Igor's Theme,New Magic Wand,A Boy Is A Gun,What's Good,Puppet,Weather The Storm,Here Tonight
2019-05-01,2,49,29,61,0,94,0,10,12,8,44,66,0,0,48,1,30,14,22,52,82,0,100,51,4,84,63,0,18,69,17,87,80,38,52,24,89,64,5,19,55,68,79,43,30,53,1,19,7,83,43,63,5,67,19,0,33,72,56,79,62,7,0,15,0,35,100,74,87,0,57,54,4,38,0,98,8,50,33,7,32,100,64,44,94,0,90,34,79,12,93,79,3,69,54,85,60,46,100,57,89,93,89,96,39,3,83,12,16,86,53,64,100,45,89,69,1,3,93,13,19,74,93,2,31,42,33,0,14,95,75,89,31,4,39,93,0,5,45,53,96,83,45,66,100,88,91,31,0,25,0,81,9,100,6,77,44,72,0,77,4,84,100,74,22,96,15,13,79,3,76,13,1,24,86,15,36,9,0,96,88,69,78,78,3,28,37,69,39,67,53,82,86,100,69,81,85,0,62,64,66,86,0,2,66,100,91,86,0,0,96,95,86,80,96,70,71,78,82,100,42,23,96,85,69,71,15,0,0,1,88,72,17,66
2019-05-02,2,45,22,61,0,91,0,8,15,12,45,100,0,0,22,0,28,10,19,52,79,0,73,49,4,82,58,100,16,100,60,88,86,34,53,0,99,59,3,32,38,53,50,57,26,61,0,24,7,82,0,89,3,62,5,0,19,68,26,84,54,3,1,15,1,33,95,73,86,3,32,54,3,15,0,83,12,52,32,14,27,87,60,47,77,0,88,0,66,0,92,68,1,73,51,95,75,49,63,65,99,91,82,95,77,3,76,19,16,62,45,68,74,43,87,62,0,3,80,11,20,77,98,1,34,46,38,0,15,81,98,100,31,3,32,98,0,5,41,44,76,86,39,64,93,80,73,30,0,27,0,71,7,81,5,87,46,69,0,74,6,83,86,64,26,82,15,14,69,4,75,12,0,32,92,20,43,52,0,79,85,86,80,67,3,22,100,70,46,60,46,79,62,88,88,76,96,0,47,60,59,91,0,0,65,89,85,100,0,3,89,92,92,78,91,56,67,74,89,57,40,24,96,93,55,69,8,0,0,0,99,83,20,42
2019-05-03,3,49,21,66,0,89,0,8,14,100,56,76,0,0,11,3,45,13,21,50,74,0,90,53,5,82,61,0,17,87,30,85,76,40,55,0,93,61,3,23,57,65,43,57,35,51,0,22,11,78,41,68,3,64,24,0,41,73,11,65,60,4,100,16,0,42,91,72,83,0,52,56,5,36,0,76,8,49,30,16,30,74,68,45,79,0,79,16,82,16,100,81,4,70,52,88,62,68,92,51,97,74,85,91,45,2,74,9,17,60,42,80,80,51,83,71,2,2,83,13,19,59,85,0,35,49,34,0,9,100,94,85,32,4,39,100,0,5,43,49,79,91,40,77,95,83,84,42,0,19,0,73,9,81,7,78,41,66,0,70,5,77,99,68,27,77,15,7,75,5,76,12,1,100,81,24,47,18,0,87,75,52,72,71,4,26,82,86,42,62,54,74,59,74,87,68,100,0,70,60,55,88,0,0,68,90,80,96,0,3,77,91,95,70,68,44,66,75,85,67,41,22,83,94,67,64,18,0,0,1,74,75,13,41
2019-05-04,2,52,24,71,0,84,0,9,17,55,48,81,0,0,13,1,38,11,22,55,68,1,86,58,3,92,67,0,18,97,28,86,60,54,42,0,100,73,2,50,59,98,42,54,18,49,0,27,5,73,0,67,2,50,9,0,35,86,58,51,63,10,81,20,0,18,86,52,95,0,52,58,6,28,1,67,14,55,40,20,31,78,75,40,81,0,66,18,71,0,61,68,1,66,55,76,66,89,41,69,97,94,77,97,62,2,73,15,18,56,48,73,65,54,83,69,1,4,86,14,9,44,66,1,39,45,30,0,8,91,84,91,35,5,35,94,0,6,37,51,98,49,47,73,94,89,92,42,0,47,0,76,5,85,6,100,48,74,0,74,2,84,73,64,27,66,14,12,85,5,86,10,1,69,81,15,42,10,0,83,91,64,70,84,4,25,73,86,35,66,48,92,56,86,100,88,97,0,47,67,58,94,0,0,38,86,69,95,0,0,77,82,100,54,100,48,54,81,79,62,41,17,100,83,49,74,9,0,2,0,82,73,23,45
2019-05-05,3,51,30,70,37,87,0,9,15,53,54,74,0,0,50,2,34,11,23,57,69,0,82,57,3,93,61,0,19,80,25,87,69,61,45,25,90,65,7,45,52,96,65,53,18,39,0,26,10,76,45,83,3,50,20,0,47,85,53,52,65,6,70,16,0,14,88,56,91,0,44,56,2,28,0,74,13,46,28,8,34,64,71,45,77,0,70,26,73,18,60,79,0,68,55,86,66,79,60,56,90,99,79,80,45,3,70,12,17,64,50,85,63,55,83,82,2,5,87,13,20,53,65,0,37,36,33,0,0,92,100,81,35,4,26,94,0,7,43,44,94,48,52,63,90,93,92,32,0,27,0,87,10,80,7,88,29,68,1,76,4,85,85,74,27,56,14,8,68,5,68,18,3,53,84,14,46,29,95,89,92,64,76,84,3,25,80,91,39,72,58,70,56,69,84,87,92,0,59,66,71,73,1,2,40,79,80,88,0,0,77,92,78,58,79,45,54,83,78,85,41,18,93,88,87,73,9,0,3,0,86,71,15,61
2019-05-06,2,45,29,54,0,89,0,8,13,42,47,67,1,0,11,2,34,10,20,51,67,0,69,70,3,75,62,0,16,64,20,88,87,30,58,0,67,62,0,13,60,62,57,33,18,49,0,26,2,81,0,54,3,59,15,0,29,68,26,71,56,2,74,14,0,29,92,71,100,3,34,54,3,40,1,78,7,48,33,13,34,86,57,40,83,0,84,8,76,21,99,76,5,76,47,81,64,59,41,62,84,81,82,81,66,4,66,13,19,63,45,33,89,43,81,63,0,3,78,11,18,70,95,1,32,40,35,0,6,61,63,63,29,3,30,95,0,5,44,40,66,71,38,70,93,78,60,35,0,26,0,74,8,71,6,66,33,63,1,67,3,83,74,58,26,77,16,7,73,6,72,10,1,45,90,16,42,9,85,73,85,62,75,69,4,23,54,83,42,62,47,63,49,74,74,66,72,0,47,55,72,67,0,0,64,87,79,75,0,3,82,96,70,75,76,46,61,73,88,86,35,23,70,85,69,62,8,2,0,1,84,75,7,40
2019-05-07,2,42,30,55,0,92,0,10,11,34,46,65,0,0,22,1,31,13,19,47,72,0,61,61,10,72,59,0,16,66,18,83,83,50,46,7,77,54,3,36,49,55,59,37,30,46,0,21,16,81,0,57,4,52,15,0,16,67,31,73,56,6,58,11,0,20,92,74,98,0,38,51,3,35,0,76,6,39,29,23,34,75,63,38,84,2,83,8,74,5,98,79,3,81,47,78,62,45,46,52,82,70,83,71,47,2,62,16,10,71,46,34,92,40,86,56,0,3,82,10,18,76,100,1,30,49,30,0,2,58,68,67,31,3,28,95,0,5,45,50,73,78,40,64,96,75,68,33,0,26,0,70,6,67,6,77,22,63,0,70,3,83,76,68,25,80,15,18,58,7,58,12,2,39,92,20,38,51,0,81,80,85,71,61,4,24,43,72,31,53,50,70,54,69,59,77,74,0,57,54,62,88,0,0,80,83,80,73,0,0,93,93,77,73,69,37,63,72,91,73,34,24,69,87,60,63,11,3,2,1,87,70,16,51
2019-05-08,2,42,32,62,0,94,0,12,15,32,49,65,0,0,34,1,27,12,19,44,75,0,65,100,100,72,67,25,16,69,23,82,82,50,47,8,76,58,0,36,35,58,86,49,33,48,1,24,11,83,40,57,3,53,15,0,30,68,47,85,56,3,55,12,0,29,91,73,87,0,44,49,1,35,0,82,7,54,35,19,36,69,59,44,94,5,75,0,88,16,97,73,2,82,48,86,66,48,73,45,85,80,82,96,40,4,64,18,13,82,47,63,68,38,90,63,2,3,82,11,22,74,96,1,35,48,32,0,9,68,74,72,27,3,26,100,0,6,39,52,78,83,38,65,88,75,76,28,0,16,0,75,6,68,5,66,25,69,4,72,5,85,79,69,27,97,16,8,66,8,71,12,0,37,92,12,45,61,0,82,83,68,78,70,3,23,59,88,35,61,47,65,54,53,78,72,82,0,100,53,72,84,0,0,100,78,70,70,0,0,73,95,87,97,95,65,69,71,89,72,37,100,80,92,56,68,24,2,2,0,90,76,16,59
2019-05-09,3,49,36,64,0,100,1,15,14,27,48,67,0,0,57,3,32,10,20,44,75,0,73,64,76,78,67,0,16,73,22,85,87,51,49,8,77,64,2,41,58,52,54,51,26,41,1,25,14,89,0,51,3,58,34,0,44,68,58,77,53,3,59,16,0,17,93,74,88,0,40,57,3,31,1,80,10,53,28,11,68,82,62,43,79,3,87,16,87,27,94,77,0,79,51,89,71,47,72,61,85,79,84,83,30,3,77,17,17,77,49,72,73,43,91,56,2,2,83,11,19,70,93,0,37,37,35,0,4,71,74,57,30,3,32,90,0,6,41,57,80,88,43,71,82,78,76,30,0,20,0,77,8,65,4,75,39,68,1,75,4,83,83,75,26,91,16,11,82,9,69,10,1,37,90,21,38,26,0,96,80,50,77,61,3,23,70,97,40,64,51,69,63,70,74,75,82,0,48,57,52,89,0,0,70,79,68,73,0,0,95,97,65,76,67,100,66,73,91,71,37,95,78,89,57,77,14,0,2,4,88,76,20,31
2019-05-10,3,48,31,68,0,97,0,100,11,28,48,63,0,0,12,2,36,13,21,45,71,0,75,55,42,76,63,0,17,70,23,85,73,35,53,16,87,63,2,28,68,58,48,64,23,44,0,28,4,98,0,48,2,54,22,0,29,75,22,65,57,7,40,16,0,17,87,70,84,3,58,56,2,37,0,75,7,56,58,11,100,74,65,49,88,2,79,16,63,28,96,86,1,71,54,84,56,73,38,77,94,82,83,84,42,3,66,11,17,66,47,77,47,44,88,64,1,7,83,12,16,89,84,0,33,48,29,0,15,76,80,77,33,4,32,66,0,9,35,51,91,94,49,63,96,79,89,33,0,19,0,71,7,81,6,68,45,70,1,69,3,80,92,69,28,90,15,13,72,15,75,8,1,35,90,16,48,45,0,90,87,57,76,63,4,24,98,78,35,64,49,56,61,53,83,86,74,0,55,60,64,90,0,0,78,77,71,72,0,0,92,87,75,73,73,65,63,77,84,78,38,59,83,87,56,80,16,2,2,0,81,73,12,52
2019-05-11,3,53,30,75,0,91,0,68,15,24,68,71,0,0,13,1,34,8,23,53,73,0,87,57,42,89,66,0,18,74,30,86,62,51,43,9,91,67,5,43,47,93,78,71,15,49,1,29,4,81,0,65,2,47,33,0,33,91,68,57,66,3,59,17,0,19,81,54,82,0,43,61,2,24,1,70,9,48,46,16,97,64,81,41,83,1,70,0,59,32,62,72,3,71,59,80,71,87,57,69,100,100,79,97,30,4,75,13,19,76,49,87,48,58,85,72,4,3,83,14,19,58,59,0,33,53,31,0,4,94,81,75,35,5,38,59,0,8,33,54,100,55,46,71,83,95,100,30,0,21,0,79,7,77,4,91,49,78,0,72,4,83,82,74,31,59,15,16,72,38,100,21,0,34,87,13,34,20,0,94,91,72,75,73,4,22,90,100,41,71,61,75,54,57,100,91,83,0,68,72,63,77,0,0,27,79,69,81,0,0,79,93,72,59,87,69,54,87,81,65,39,46,90,86,55,82,10,2,0,1,100,70,10,78
2019-05-12,3,53,26,70,0,88,0,57,14,28,60,82,0,0,39,2,40,11,23,54,71,1,91,54,30,89,69,0,19,71,24,86,68,45,42,0,84,62,4,52,68,89,53,49,23,37,1,29,7,83,0,60,4,48,15,0,29,86,67,59,67,5,38,15,1,33,87,56,84,3,34,54,2,35,0,74,10,58,32,20,75,72,77,40,72,5,72,0,65,12,61,78,4,76,56,81,71,67,79,61,99,89,80,97,42,4,77,16,22,70,49,64,45,48,79,74,0,4,87,13,16,33,56,1,32,53,31,0,6,67,76,70,34,4,31,60,0,5,37,42,95,51,47,57,72,89,90,26,0,23,1,96,8,73,5,96,37,69,2,72,2,85,85,72,21,78,15,22,57,100,69,18,1,29,84,17,44,30,0,99,87,43,73,72,3,27,85,83,28,66,54,87,55,52,95,82,94,0,55,92,79,74,0,0,39,46,67,75,0,0,80,97,73,56,89,75,54,82,75,52,39,32,90,84,81,78,11,2,2,0,82,77,14,55
2019-05-13,3,44,23,56,0,90,1,44,15,19,48,65,0,0,45,1,35,12,20,46,72,0,78,49,17,92,82,0,15,65,19,86,98,36,49,15,67,58,0,27,39,58,78,45,28,48,0,25,6,97,0,52,2,56,10,0,17,66,100,56,59,6,37,14,0,17,92,72,86,3,48,52,5,51,0,89,8,46,43,14,69,70,62,35,82,2,94,24,73,5,90,76,4,74,50,80,61,39,52,62,79,73,81,94,55,1,69,13,15,75,45,54,74,44,75,64,0,5,85,10,18,63,97,0,32,48,30,0,7,47,64,69,29,2,29,75,0,5,23,51,69,81,38,77,82,77,63,29,0,22,0,70,8,76,4,70,31,65,3,70,4,79,79,56,28,86,16,11,66,7,61,12,0,30,89,15,38,26,0,83,79,39,80,50,4,27,55,80,45,60,51,76,55,56,70,75,76,0,53,59,87,95,0,0,76,75,72,55,0,0,83,91,58,71,73,59,61,70,89,68,34,43,66,82,53,73,10,2,0,15,71,69,21,64
2019-05-14,3,46,24,59,0,95,1,37,15,23,54,64,0,0,22,1,33,8,20,44,73,0,55,48,20,89,67,0,20,57,18,89,85,54,55,0,66,58,3,22,59,54,61,47,28,49,1,25,6,90,0,53,4,62,28,0,21,68,42,71,59,8,44,13,0,21,91,72,85,0,33,52,1,70,0,84,10,58,26,15,67,63,57,36,82,2,89,23,69,16,88,66,1,74,50,87,62,40,48,59,90,68,83,75,55,3,69,15,19,64,42,98,56,41,81,56,2,3,90,11,16,65,93,1,36,49,38,0,7,52,68,65,37,2,32,70,0,7,34,45,72,85,38,75,80,76,71,29,0,18,0,67,9,89,6,56,32,66,0,71,3,84,84,62,25,82,15,14,51,2,78,11,0,32,89,15,39,43,0,86,83,80,85,57,3,28,78,71,43,61,45,62,55,48,83,74,89,0,68,57,80,87,0,0,82,62,70,63,0,0,89,94,65,75,60,49,63,75,92,51,35,37,72,78,51,65,8,3,3,5,82,77,10,63
2019-05-15,4,42,26,56,0,94,0,38,15,22,53,66,0,0,23,1,26,13,20,44,69,1,73,48,16,83,70,0,23,63,22,85,87,48,51,0,65,55,0,41,97,63,79,51,24,44,0,26,12,89,0,54,4,65,26,0,25,68,53,69,56,5,38,13,1,42,94,71,85,3,42,47,7,26,0,88,13,49,37,7,64,65,61,38,87,1,82,0,75,5,90,77,8,79,51,86,60,45,61,59,82,78,84,76,41,2,70,17,14,79,45,58,59,45,77,55,0,4,78,12,14,75,90,1,29,41,32,0,7,60,74,62,33,4,29,71,0,6,46,50,77,89,36,60,98,79,72,31,1,27,0,70,9,72,5,92,45,69,4,78,6,86,93,54,24,81,16,17,52,2,72,7,5,28,88,14,37,35,0,97,78,64,78,57,3,29,68,75,30,59,54,65,60,57,63,56,78,0,37,58,70,98,0,0,79,79,69,61,0,0,85,97,66,73,79,88,63,74,91,47,35,37,70,78,47,74,16,0,3,5,84,79,15,48
2019-05-16,4,46,23,60,0,91,0,34,15,15,57,63,0,0,22,3,30,14,19,44,71,0,67,48,21,81,71,0,23,64,19,86,84,47,50,8,64,55,5,54,67,56,72,54,31,47,1,26,18,87,40,49,3,62,31,0,36,71,52,70,58,6,51,15,1,33,93,74,85,0,34,50,14,20,1,88,12,48,38,15,61,71,75,35,79,1,86,0,83,16,93,82,7,74,51,86,66,46,55,65,81,74,82,97,77,3,67,19,15,74,44,61,68,48,78,70,1,3,87,12,13,81,96,0,29,37,34,0,4,56,72,65,36,4,35,71,0,5,42,54,77,95,38,67,79,79,75,25,0,16,0,67,10,72,6,83,51,72,3,71,3,79,89,59,28,91,16,4,54,2,70,11,1,32,88,23,40,17,0,92,80,55,83,57,3,25,59,81,27,59,49,79,54,45,72,61,85,0,84,56,57,91,0,2,74,75,64,63,0,3,79,93,65,71,75,43,62,74,92,72,36,35,67,82,46,70,7,0,2,4,80,83,13,54
2019-05-17,3,50,28,80,0,93,0,43,14,17,59,67,0,0,70,4,30,13,21,46,74,0,60,50,17,81,75,0,23,65,21,83,73,52,50,16,69,57,34,33,59,63,72,71,32,46,1,32,11,86,42,57,3,59,27,0,18,74,49,79,57,14,41,15,1,38,88,73,85,0,48,57,58,31,0,77,7,55,45,16,65,80,68,41,85,95,70,16,79,17,82,72,100,72,53,85,69,69,52,58,79,87,81,93,68,3,98,15,20,68,46,89,68,55,81,59,1,7,77,35,19,88,86,0,33,43,33,0,13,60,80,72,31,3,34,67,0,6,37,37,78,100,100,65,90,82,79,28,0,20,0,70,7,71,4,83,33,68,1,72,3,84,86,72,27,79,15,11,53,1,84,13,4,29,89,14,40,27,0,99,82,63,86,68,3,28,83,82,28,65,75,82,61,66,68,87,88,0,55,60,60,100,0,0,32,65,65,66,0,0,80,88,67,76,58,61,65,76,86,72,37,38,84,90,49,84,50,100,100,100,83,97,41,32
2019-05-18,4,57,33,92,0,87,0,48,15,19,65,81,0,0,26,2,39,11,23,56,75,1,88,56,12,88,71,0,23,73,18,83,61,63,47,0,91,62,41,63,89,100,60,65,30,48,0,42,4,79,0,59,4,52,15,0,31,92,73,46,66,7,42,20,0,24,83,59,91,0,54,65,61,35,1,67,9,56,35,9,70,59,77,48,72,79,74,45,64,12,47,79,59,69,59,78,60,86,56,71,90,100,78,100,38,2,93,14,12,80,50,85,43,66,84,78,1,3,79,93,12,37,63,0,37,45,27,0,2,79,76,76,45,4,36,57,0,7,37,52,94,53,90,61,77,88,98,23,1,26,0,74,5,69,6,76,31,74,2,75,1,100,93,77,30,72,13,6,82,1,89,13,3,27,90,15,39,70,0,100,89,59,93,71,3,29,83,84,49,71,94,86,64,80,86,75,88,0,79,64,91,80,0,0,37,69,60,83,0,6,85,88,76,62,86,89,57,86,78,64,38,31,99,83,50,100,40,87,88,83,91,85,35,46
2019-05-19,3,58,27,84,0,87,1,39,14,14,65,77,0,0,0,3,35,9,23,59,77,0,78,54,17,92,70,28,25,71,22,88,78,62,51,9,74,62,55,67,100,93,66,73,25,46,1,35,7,77,0,64,2,67,12,0,27,85,42,50,68,5,37,17,0,71,91,57,87,0,45,61,45,81,0,76,6,58,34,17,66,51,72,49,83,85,75,0,56,18,62,68,39,72,59,82,70,77,59,62,90,91,80,79,42,2,99,14,25,81,50,72,55,65,79,88,0,2,80,100,20,41,64,0,48,58,32,0,13,57,63,70,40,3,34,58,0,6,39,46,86,52,73,66,80,92,85,27,0,46,0,79,7,71,6,61,42,70,1,82,2,94,85,53,29,65,13,6,81,1,83,12,4,25,86,20,38,59,0,97,95,60,98,75,3,25,67,75,45,73,94,91,56,46,70,79,77,0,42,69,58,77,0,0,22,61,63,74,0,0,78,96,60,63,75,67,55,85,76,63,38,29,77,85,47,100,30,52,66,55,79,77,42,75
2019-05-20,3,47,24,67,0,89,1,32,17,14,55,63,0,0,33,4,31,11,19,50,73,0,59,46,9,79,66,25,22,62,23,89,90,98,49,22,58,58,26,27,58,61,100,37,40,42,0,32,7,86,0,51,3,57,35,0,23,67,36,61,60,2,34,10,0,24,93,71,84,0,59,52,37,30,0,81,7,57,32,14,53,67,59,40,87,78,84,23,79,16,81,72,38,79,50,72,61,43,41,42,78,63,80,82,29,3,88,13,22,63,46,56,44,44,78,64,2,6,79,78,14,65,89,1,40,45,31,0,9,46,60,59,39,3,32,73,0,4,40,40,70,86,61,57,71,79,76,26,0,24,0,76,8,80,5,52,38,63,1,73,3,81,80,63,24,100,15,8,72,1,75,8,0,24,79,20,32,34,0,70,79,62,89,60,3,29,21,49,29,57,82,77,71,50,52,69,62,6,57,55,54,74,0,2,62,54,67,53,0,0,100,90,51,72,56,76,60,76,84,60,33,33,63,83,50,76,31,37,48,29,85,87,40,65
2019-05-21,2,44,27,70,0,91,0,33,12,17,56,60,0,0,33,3,39,9,21,49,74,0,63,46,15,78,74,25,23,63,18,89,91,44,47,7,60,57,27,27,63,57,63,45,28,41,1,35,13,86,0,47,3,62,18,0,30,68,62,72,56,4,37,15,1,53,92,76,86,3,45,60,40,40,0,82,14,44,32,18,53,75,59,42,87,100,87,15,85,16,79,70,40,79,51,79,70,41,38,50,82,62,83,71,58,2,77,15,12,69,100,73,52,41,86,64,0,5,82,50,13,51,84,0,34,54,27,0,7,63,51,61,43,3,26,71,0,5,45,44,71,93,59,72,89,76,68,25,0,23,0,76,5,68,4,77,30,67,1,76,2,76,79,71,26,80,15,7,46,1,79,6,1,26,89,17,37,43,0,58,79,64,89,60,4,26,28,71,33,64,81,71,84,47,68,67,74,12,52,57,66,76,0,2,51,62,67,59,0,2,75,95,64,76,69,52,63,77,89,52,35,34,66,84,57,80,30,37,46,34,83,83,54,40
2019-05-22,2,45,32,75,33,91,1,35,14,10,68,62,0,0,45,3,38,10,20,47,76,0,70,48,12,78,81,0,25,63,21,84,86,52,56,8,65,59,20,68,54,61,62,48,41,48,1,31,5,87,0,50,2,64,13,0,26,69,52,76,59,3,39,12,0,29,92,77,87,0,44,54,37,10,0,75,10,53,35,18,51,70,58,40,74,76,85,0,82,5,78,71,24,84,52,84,72,41,43,60,82,80,82,69,33,2,79,12,15,72,67,69,62,41,86,74,2,2,82,47,18,53,90,1,30,45,33,0,11,57,66,74,43,3,33,73,0,6,32,43,70,95,67,64,85,78,62,31,0,22,0,72,7,69,7,67,30,72,1,79,3,85,74,75,25,81,15,15,73,1,74,10,0,25,100,13,34,17,0,71,80,70,91,67,3,26,19,69,29,63,89,65,86,43,78,72,74,6,47,57,84,73,0,0,52,63,73,61,0,0,99,96,70,71,68,55,62,75,89,55,35,32,68,86,50,75,31,26,50,32,80,82,34,47
2019-05-23,3,51,30,74,0,90,0,30,15,15,57,71,0,0,33,3,39,9,19,46,77,0,70,46,8,76,84,0,23,59,30,79,79,40,47,15,65,58,20,4,62,55,64,53,36,41,0,31,5,87,0,49,2,100,15,0,19,70,25,57,58,2,55,13,0,32,85,74,83,0,45,55,38,30,0,81,6,64,33,16,52,63,57,37,77,77,76,38,74,5,75,72,21,76,50,80,63,46,44,50,77,81,79,86,61,2,92,12,17,69,53,58,59,41,80,67,0,5,82,34,20,51,82,0,30,35,31,0,5,66,68,74,40,4,26,69,0,6,38,39,70,91,58,68,77,75,69,23,0,23,0,71,8,61,5,54,28,67,1,73,4,80,73,70,20,75,15,8,79,1,66,14,0,24,86,19,32,34,0,79,72,78,83,63,3,27,32,70,31,60,69,75,100,57,59,70,63,0,62,52,65,69,0,2,52,58,94,54,0,0,76,87,64,64,60,57,58,74,85,70,34,30,61,79,52,75,31,29,42,38,74,80,28,60
2019-05-24,3,50,32,87,0,89,1,35,18,10,62,69,0,0,47,4,44,9,21,46,100,0,83,46,17,83,76,0,21,64,47,81,69,53,51,0,65,54,26,28,80,66,73,71,31,33,0,34,11,100,0,58,4,91,27,0,32,76,44,69,65,5,59,16,0,43,89,68,85,0,65,53,34,42,0,77,9,88,47,12,56,60,64,38,72,83,94,33,58,28,69,81,21,74,54,71,59,61,64,58,86,77,79,91,46,1,79,14,16,81,54,51,36,50,83,64,2,8,82,30,16,48,74,1,34,44,29,0,10,73,70,84,100,3,34,69,0,5,43,41,81,93,63,66,77,80,77,26,0,22,0,74,7,75,8,85,42,68,1,73,5,77,88,85,29,77,15,7,61,1,76,12,0,25,93,13,38,18,0,75,85,69,86,68,2,28,32,73,40,65,73,74,82,39,66,70,77,6,38,60,67,72,0,0,62,63,100,58,0,0,76,89,63,67,79,71,56,80,88,49,39,30,73,80,63,74,16,20,59,22,77,86,30,57
2019-05-25,3,60,34,93,0,84,0,37,14,17,72,76,0,0,39,6,53,11,23,51,86,1,96,53,12,94,78,0,22,78,60,87,56,85,49,0,73,63,49,68,88,97,26,75,24,42,0,42,3,93,47,54,2,76,24,0,39,94,55,41,73,10,50,18,1,53,82,55,87,0,68,59,31,18,0,74,5,97,30,22,64,48,70,38,76,72,83,18,72,13,52,79,19,100,59,72,71,90,70,50,87,91,75,83,47,3,85,9,23,77,53,79,34,62,84,89,0,4,82,30,14,39,64,0,42,56,24,0,4,71,83,82,89,4,33,55,0,7,28,50,99,53,58,79,70,91,100,21,0,24,0,77,6,75,6,76,37,73,2,74,3,81,77,62,26,71,14,14,77,1,79,13,0,24,100,11,31,40,0,99,81,87,85,75,3,27,28,67,43,72,83,83,66,34,80,71,84,0,43,66,88,66,1,0,36,57,84,71,0,0,78,89,71,68,65,83,49,90,81,57,41,23,92,81,55,91,29,11,29,22,91,83,24,58
2019-05-26,3,55,32,84,0,88,0,33,16,11,69,74,0,0,26,5,50,11,23,54,84,1,80,51,13,91,70,29,25,74,70,89,68,52,52,0,72,63,41,32,84,97,63,87,23,49,1,40,6,80,0,55,2,72,30,0,34,95,67,44,75,8,67,18,0,29,91,55,89,0,56,65,33,29,0,70,10,100,43,9,65,54,76,44,69,56,80,0,66,19,53,72,18,99,59,79,65,84,68,65,90,84,79,91,64,2,79,12,16,58,54,100,47,58,78,73,0,4,88,28,13,29,60,0,45,57,28,0,4,76,65,74,78,3,29,57,0,7,40,51,82,54,62,62,74,92,81,24,1,30,0,77,6,61,4,73,45,73,0,78,2,81,84,56,24,78,14,5,63,2,73,16,1,25,91,17,38,40,0,87,95,50,92,72,4,31,18,73,38,72,80,100,61,40,73,73,90,0,43,67,75,89,0,0,47,50,90,71,0,0,82,93,65,58,82,97,52,86,79,59,39,24,88,84,54,85,19,13,42,22,72,72,20,63
2019-05-27,3,51,30,68,0,80,0,31,14,11,63,64,0,0,11,4,37,9,20,51,77,0,66,48,20,89,70,0,22,64,69,87,80,42,51,0,58,57,30,32,65,81,79,54,18,40,1,32,5,89,41,50,4,70,18,0,35,81,32,38,66,5,37,11,1,38,86,68,82,0,49,55,40,41,0,70,6,62,30,8,56,58,65,38,73,62,80,32,80,16,56,84,19,88,51,82,99,65,64,63,77,71,75,78,63,3,80,13,19,72,48,71,43,44,83,67,0,6,82,23,17,50,69,0,44,55,23,0,6,67,65,50,58,3,30,66,0,6,48,38,72,52,53,65,73,81,74,22,1,28,0,71,8,63,6,60,31,65,1,69,2,75,61,60,23,65,16,8,72,2,68,11,0,23,92,11,41,18,0,63,81,66,84,59,3,27,24,52,33,60,77,70,59,60,64,59,71,0,54,56,68,93,0,0,36,46,81,59,3,0,71,93,43,100,62,31,51,80,85,45,36,29,66,76,60,72,17,6,21,25,77,79,19,58
2019-05-28,3,50,29,67,0,92,0,33,16,8,66,58,0,0,0,5,36,11,20,52,81,1,66,46,18,84,76,0,21,63,67,86,80,63,55,0,56,58,27,27,58,65,78,54,31,43,1,33,10,87,0,51,3,68,20,0,31,74,46,52,62,3,54,14,6,24,94,76,85,0,52,54,36,40,0,78,7,72,34,9,54,63,60,38,82,62,85,8,78,5,71,71,26,82,53,79,76,50,44,50,79,71,82,84,47,2,78,13,23,65,50,62,63,42,79,72,0,4,81,16,19,41,74,0,41,46,32,0,5,67,70,58,65,3,36,70,0,7,44,40,72,75,46,76,63,79,69,24,0,21,0,74,8,74,6,65,31,67,4,76,3,80,72,54,20,78,16,8,55,1,80,8,2,23,98,16,38,68,0,77,100,60,83,58,3,32,28,60,37,64,65,64,58,45,62,62,61,0,67,55,74,75,0,2,54,59,86,53,1,5,84,90,53,87,76,64,57,76,93,46,35,30,69,76,49,76,23,20,38,27,82,81,37,49
2019-05-29,3,55,36,67,0,94,1,34,15,10,66,66,0,0,11,4,47,11,19,47,85,0,71,47,16,81,79,0,22,63,65,85,79,31,56,0,62,55,33,22,50,62,65,60,25,55,1,32,10,87,0,51,3,69,18,3,29,72,46,65,63,9,41,13,8,28,93,85,89,0,40,56,40,25,1,75,11,56,32,14,61,62,60,38,87,60,78,31,79,26,79,71,17,86,53,87,71,52,49,62,85,70,84,86,32,2,82,18,19,71,61,50,36,48,88,68,1,3,89,15,12,57,76,1,39,48,26,0,4,51,66,58,63,4,30,65,0,6,32,41,73,79,49,69,79,78,68,24,0,18,0,71,3,83,6,62,30,69,4,77,3,79,77,51,26,76,16,5,84,1,71,9,1,24,96,17,42,51,0,73,92,60,85,58,3,27,28,78,32,75,70,78,60,63,61,72,77,0,47,56,67,68,0,0,68,46,83,57,0,47,92,92,47,70,65,88,61,78,92,65,36,34,74,83,52,76,19,8,18,22,85,84,29,49
2019-05-30,3,52,36,90,0,97,1,33,13,11,72,67,0,0,34,6,43,10,21,51,84,1,68,49,15,86,71,25,23,64,72,84,69,38,56,0,64,55,38,50,63,73,54,52,35,44,1,34,9,85,0,52,3,70,16,3,37,73,37,77,62,25,53,15,13,42,96,81,93,0,50,56,32,61,1,78,9,59,35,10,60,63,60,38,80,53,82,32,76,0,73,65,38,83,62,86,72,56,66,54,78,66,83,96,41,3,91,19,17,60,52,62,47,50,88,74,2,4,91,16,15,56,86,2,32,54,34,0,6,49,74,69,69,7,36,94,0,5,32,35,87,84,55,70,98,84,89,23,0,26,0,75,6,86,6,58,36,67,1,78,3,86,79,68,24,71,16,4,67,2,77,10,0,22,92,19,42,61,0,73,91,46,90,79,4,27,35,57,28,59,67,69,63,54,60,81,67,12,69,57,69,89,0,0,77,57,80,60,20,54,92,92,56,71,76,69,62,77,89,58,39,30,68,80,48,81,18,11,17,19,76,85,23,53
2019-05-31,3,54,40,99,0,93,1,36,15,14,78,69,0,0,12,6,42,10,21,49,82,1,83,47,22,84,79,26,22,65,75,88,68,49,62,0,62,58,32,57,88,67,69,63,37,46,1,36,8,91,0,59,5,63,13,91,32,78,44,65,69,100,45,15,100,30,89,93,92,0,69,46,28,26,0,73,4,54,44,8,55,76,66,37,77,44,64,33,72,34,78,80,28,77,56,79,69,77,61,78,81,77,79,79,42,2,81,14,21,65,49,79,57,57,89,70,1,3,80,16,11,41,73,2,39,51,25,0,8,67,73,65,57,5,32,93,0,5,37,43,82,85,51,62,96,86,84,24,1,19,0,74,7,67,4,67,100,71,3,75,5,89,90,72,26,83,15,7,54,10,86,11,1,27,96,17,39,72,0,78,82,61,91,78,3,33,27,68,41,67,68,99,60,58,61,81,75,6,50,57,83,95,0,2,47,57,83,64,100,53,92,88,55,62,51,74,57,79,88,44,41,30,80,84,47,81,13,3,24,21,80,84,18,49
2019-06-01,3,57,35,100,37,90,0,37,17,16,73,69,0,0,51,6,38,9,23,49,76,1,56,51,17,90,76,28,22,65,79,86,57,57,57,9,71,58,18,56,69,91,63,63,29,39,1,40,8,77,0,49,2,61,9,87,22,92,36,38,73,96,46,16,66,19,83,66,95,3,60,52,43,34,2,71,9,53,35,15,53,47,76,42,70,46,79,27,68,18,63,79,20,68,61,74,68,81,57,61,81,95,76,82,50,3,73,12,24,57,54,97,35,70,85,79,2,3,87,18,18,52,67,1,38,47,29,0,8,66,70,60,60,4,42,76,0,6,20,40,96,53,54,60,92,91,99,24,1,24,0,75,4,68,7,78,38,71,1,74,3,83,89,65,19,66,14,11,72,6,84,8,1,22,98,13,44,49,0,98,86,58,88,80,3,27,25,80,33,66,88,76,54,51,76,85,79,0,72,64,68,66,1,0,57,53,75,68,53,100,78,88,72,53,73,63,48,86,79,55,40,22,86,85,45,78,19,5,26,19,80,66,21,72
2019-06-02,3,56,34,96,0,96,0,41,14,11,77,78,0,0,13,8,43,8,24,57,82,1,93,54,18,93,69,0,25,77,87,96,66,64,57,9,68,60,42,36,72,93,72,76,26,31,0,40,4,86,0,58,4,75,20,76,29,91,47,48,77,82,53,14,47,23,92,66,92,0,52,60,37,11,0,77,6,48,30,12,64,81,76,44,82,50,78,62,70,30,51,79,16,73,65,81,75,84,57,71,83,78,81,84,33,2,82,12,16,46,56,81,49,70,83,83,0,5,95,19,16,43,66,1,38,66,30,0,4,71,72,76,59,5,39,70,0,8,40,40,85,55,57,68,81,96,90,23,0,32,0,80,6,77,5,55,45,80,0,84,3,87,76,77,29,56,15,9,100,8,87,10,0,24,88,13,43,69,97,75,92,73,90,85,3,36,25,58,33,74,80,73,59,64,90,89,90,0,42,67,67,77,2,0,55,51,80,69,37,66,81,97,52,57,79,49,55,92,76,58,40,24,85,89,55,73,12,7,27,21,91,79,15,48
2019-06-03,3,47,30,77,32,91,1,27,16,10,64,57,0,0,33,9,39,9,21,46,87,1,56,47,13,79,70,0,20,61,82,89,86,37,57,15,58,54,27,49,55,62,74,55,29,41,0,33,4,83,0,43,1,65,20,73,39,73,26,58,66,53,49,15,40,16,92,77,92,3,47,50,28,15,0,73,6,51,37,11,56,70,56,37,85,48,80,8,81,11,72,75,12,79,53,81,67,45,54,52,73,63,80,64,61,2,82,14,25,59,53,62,42,52,82,72,2,5,85,13,16,55,91,2,40,46,23,0,2,40,64,61,54,3,24,81,0,6,28,43,72,74,44,74,85,78,73,22,0,27,0,74,6,71,6,58,41,63,1,80,2,79,85,76,29,72,16,0,62,5,81,9,2,22,92,15,32,25,0,70,84,52,82,64,3,32,30,50,36,59,64,70,54,73,42,65,66,0,15,52,68,48,8,11,58,61,83,59,22,59,90,89,47,63,46,48,55,75,85,56,36,26,69,80,57,71,15,6,15,6,79,81,17,55
2019-06-04,2,47,36,72,0,91,0,27,15,11,63,68,0,0,33,6,39,10,20,45,88,1,54,47,13,81,72,0,21,60,78,89,77,48,56,0,56,56,20,40,60,58,75,61,24,46,0,33,7,83,40,45,3,63,18,71,39,72,36,50,66,46,49,12,30,12,93,81,90,0,39,49,33,75,0,74,10,48,42,9,53,66,59,34,80,41,81,23,89,5,72,73,13,81,53,78,76,48,72,61,71,69,81,81,40,2,84,17,19,60,50,54,67,49,92,67,1,5,90,12,19,31,84,2,35,53,33,0,5,51,73,64,46,3,31,83,0,6,43,43,72,77,46,69,87,79,71,24,1,27,0,87,8,65,8,57,44,68,0,78,5,84,86,52,29,67,17,16,75,5,76,13,1,24,94,14,34,51,0,79,79,35,84,63,2,46,36,69,40,60,65,82,53,24,57,61,67,0,21,55,63,63,64,6,53,58,85,45,12,32,74,87,45,65,65,76,54,77,81,63,33,25,71,86,65,69,17,8,23,13,85,84,21,35
2019-06-05,3,48,28,74,0,90,1,25,11,16,64,65,0,0,100,11,35,10,21,48,81,1,70,47,17,87,71,25,21,63,68,86,77,43,52,0,54,56,25,22,68,62,61,63,22,40,1,33,5,81,0,44,4,69,25,59,29,72,21,47,62,48,43,14,28,20,91,78,90,0,39,56,35,60,1,71,9,50,41,26,59,56,61,33,86,47,76,16,76,11,73,64,12,78,55,73,76,44,64,58,74,78,78,80,33,3,79,14,18,64,52,71,33,50,92,65,1,8,80,12,13,56,87,2,37,48,33,0,11,49,69,65,54,3,33,80,0,5,44,38,72,76,44,66,78,80,70,24,1,18,0,77,5,72,6,55,38,66,1,77,4,81,72,49,24,70,23,7,61,4,62,8,1,22,95,14,36,43,0,67,82,41,79,64,2,35,24,65,40,64,68,71,57,40,48,77,67,6,31,53,86,74,100,5,56,49,84,43,6,50,81,92,53,65,63,58,58,75,82,40,34,29,77,79,54,77,17,5,15,14,75,83,21,28
2019-06-06,2,49,32,79,0,90,2,23,15,10,66,65,0,0,0,11,36,8,21,49,79,1,67,47,25,87,69,0,21,61,75,88,77,91,59,0,60,59,35,45,49,60,61,100,25,36,1,32,10,81,0,44,3,68,10,61,42,73,47,54,63,49,36,12,23,49,88,80,83,3,62,61,36,30,0,72,11,50,36,11,57,59,63,33,75,41,62,86,76,21,72,77,19,76,54,79,77,53,71,66,75,60,79,91,51,3,84,16,8,52,54,67,31,50,93,70,2,5,79,12,15,50,81,1,33,51,28,0,4,46,60,62,54,4,27,82,0,6,44,47,73,73,46,68,81,81,74,23,1,16,0,72,7,82,7,56,55,69,1,79,5,74,89,67,24,69,40,12,70,5,72,14,0,25,94,17,37,43,0,62,79,60,81,66,2,31,32,57,100,63,63,60,56,21,80,100,67,0,21,55,87,96,49,3,56,47,80,45,5,47,89,85,49,71,50,67,56,77,85,50,34,30,71,80,51,71,19,8,12,8,84,85,17,63
2019-06-07,3,52,34,80,0,94,17,24,14,12,75,79,0,0,46,21,42,10,21,49,81,0,75,48,23,88,100,0,19,63,79,89,73,91,54,0,60,61,34,33,59,68,62,86,26,91,0,37,9,85,0,49,3,70,19,59,31,78,65,55,65,52,49,19,22,38,88,74,88,3,77,50,39,78,0,74,6,52,33,15,60,50,65,43,83,45,70,81,73,6,67,79,15,74,58,79,73,73,64,67,82,72,78,70,23,2,91,15,21,68,65,70,42,62,91,65,1,3,87,14,16,48,71,1,27,49,30,0,8,52,76,63,53,4,29,73,0,5,37,41,86,72,48,78,84,86,84,21,1,23,0,69,5,69,6,73,44,74,0,75,3,81,92,92,26,81,16,46,81,5,85,12,4,21,97,18,42,45,0,76,77,40,79,72,3,30,31,71,29,66,69,74,56,28,78,65,65,100,27,59,100,85,42,100,77,49,75,48,11,47,84,92,52,64,58,51,55,79,87,79,41,29,76,84,49,82,17,5,21,5,79,84,31,41
2019-06-08,3,60,36,94,38,91,100,32,15,15,74,91,0,0,0,29,44,9,24,59,84,0,74,54,26,96,84,29,22,74,97,94,57,84,57,0,72,63,37,78,62,93,73,80,25,67,1,40,3,88,47,48,0,61,15,73,30,94,78,54,75,47,55,19,28,47,88,62,88,0,75,56,40,29,0,73,6,50,32,14,63,80,74,41,82,37,74,63,65,43,57,73,18,73,64,80,85,92,69,68,89,89,79,82,46,3,87,13,24,58,53,92,36,69,89,85,1,5,89,17,19,50,66,1,41,50,26,0,8,57,73,72,63,3,44,66,0,5,31,43,95,56,54,68,87,95,98,19,1,26,0,72,6,65,3,60,42,80,2,86,2,88,89,100,29,67,15,38,79,4,82,11,0,20,90,9,46,30,0,87,87,74,87,78,4,32,32,71,37,74,76,89,64,25,69,83,84,49,30,67,84,84,31,56,50,41,72,62,6,29,83,89,65,61,63,57,50,89,86,59,43,26,87,92,52,92,14,5,22,16,82,79,30,49
2019-06-09,4,57,38,88,0,88,49,28,16,11,80,76,0,0,26,30,86,9,24,60,90,1,68,52,30,97,80,29,24,70,92,94,63,69,55,9,62,62,32,10,62,96,57,75,19,58,0,39,6,84,0,51,3,69,24,67,30,89,42,67,74,46,63,16,23,43,96,70,89,0,69,66,49,46,0,76,7,41,34,14,66,81,78,41,92,34,70,27,79,0,54,80,19,80,63,78,80,79,52,71,80,80,80,88,46,3,92,16,30,78,53,68,45,65,82,77,1,5,92,21,19,53,82,2,42,49,29,0,4,64,72,67,60,3,35,68,0,6,31,48,83,53,56,69,81,99,86,24,1,27,0,78,9,67,3,78,51,81,0,100,3,85,81,91,31,67,15,33,87,5,73,17,1,21,88,15,41,70,0,79,93,68,85,82,4,32,27,56,37,86,78,92,63,40,62,65,79,35,42,67,87,67,26,23,52,51,73,52,7,20,72,96,59,59,82,60,53,88,81,68,40,23,85,88,48,84,16,0,11,16,91,71,18,76
2019-06-10,3,52,33,71,0,91,35,24,13,12,69,64,0,0,34,36,49,8,21,52,84,1,52,48,18,85,69,25,21,64,86,86,82,50,58,8,51,54,28,49,67,72,71,55,25,56,0,33,7,84,0,39,3,67,23,66,36,75,36,62,66,46,35,16,20,37,95,84,88,0,72,49,39,40,0,83,7,54,37,10,54,68,62,36,85,35,79,39,83,11,67,67,14,84,55,84,86,50,53,46,79,62,81,80,47,3,74,13,23,59,52,65,50,51,83,78,2,4,86,15,18,52,98,2,39,51,26,0,6,58,71,48,51,3,33,81,0,6,35,41,71,66,50,77,78,83,66,22,0,18,0,72,7,71,5,39,43,69,3,80,4,80,82,76,28,65,16,27,80,4,75,8,0,17,88,18,37,52,0,67,82,49,85,62,4,34,32,60,53,79,75,74,59,35,68,66,72,30,42,57,84,74,23,26,51,50,72,45,3,33,87,89,46,69,55,46,56,77,94,44,35,30,67,86,49,77,19,2,12,5,75,75,24,33
2019-06-11,3,52,30,67,0,88,27,23,15,13,67,72,0,0,22,28,35,8,21,49,82,1,56,47,17,81,70,24,19,58,80,86,79,44,59,7,54,52,22,48,62,61,73,66,13,50,1,29,12,84,0,44,5,63,17,62,47,69,20,65,63,55,50,16,22,48,93,82,85,0,70,47,44,34,0,73,6,42,35,14,54,60,61,37,88,35,71,23,72,16,70,71,15,79,55,81,76,46,53,56,72,67,81,66,32,2,74,15,19,56,49,57,41,46,88,73,0,3,83,15,17,69,77,1,38,48,26,0,5,46,57,52,47,4,34,80,0,6,30,36,71,67,47,68,81,80,69,19,0,23,0,69,7,75,5,50,28,65,0,77,3,80,86,72,28,69,15,20,78,4,79,14,1,19,90,14,41,59,0,54,81,44,77,64,3,31,23,58,43,62,63,62,59,46,59,63,59,29,46,56,83,67,22,18,72,51,69,49,3,17,84,88,43,71,61,45,55,76,92,47,34,27,63,79,46,76,13,5,12,7,79,80,20,50
2019-06-12,3,52,30,67,0,90,29,31,17,10,73,69,0,0,0,32,38,10,21,50,80,1,52,46,23,86,79,75,20,62,81,87,81,51,54,0,53,54,42,54,62,58,74,53,23,64,0,38,11,89,40,50,3,71,23,62,40,75,21,65,65,52,49,18,21,50,94,86,86,3,59,47,37,35,1,84,10,41,29,15,54,58,62,38,80,25,73,39,77,5,69,64,12,76,57,78,74,46,50,67,80,62,86,73,44,2,84,13,20,53,53,65,33,49,95,66,3,7,85,16,20,49,87,1,33,48,29,0,9,52,59,62,56,4,38,80,0,16,36,42,71,67,50,79,89,83,68,20,1,21,0,71,5,75,5,54,37,68,0,74,5,83,76,92,37,63,16,25,95,4,85,11,1,23,95,15,35,61,0,79,82,43,81,61,2,32,22,60,46,73,72,62,56,56,55,67,56,42,32,58,76,86,18,22,74,41,68,51,3,23,85,94,35,66,67,62,56,79,94,45,34,31,67,77,53,83,19,6,17,14,88,82,11,54
2019-06-13,3,50,28,68,0,88,22,25,15,9,63,75,0,4,11,35,38,7,23,51,78,1,52,47,22,87,73,49,21,64,79,86,81,76,58,7,54,59,15,58,57,55,41,75,20,83,1,46,10,91,0,41,1,67,15,49,30,73,52,62,63,53,53,17,19,37,91,86,87,0,55,54,43,5,0,78,8,48,27,20,49,67,66,38,90,26,78,8,68,21,60,70,24,73,56,84,68,47,71,76,75,67,80,74,40,3,77,15,19,60,54,48,36,54,91,55,2,4,89,14,17,51,83,1,38,48,29,0,5,44,58,54,55,4,26,80,0,16,29,35,71,66,46,65,91,83,74,20,0,32,0,65,8,68,7,45,30,67,1,72,1,75,69,84,100,72,15,13,60,3,85,10,1,20,90,15,36,43,0,71,80,68,86,69,2,27,24,59,44,66,79,71,65,53,56,60,66,36,47,57,69,79,17,22,64,47,66,50,1,15,92,92,44,66,73,70,53,79,93,29,33,27,73,79,45,75,12,2,17,10,75,85,18,56
2019-06-14,3,51,31,78,0,89,23,28,17,13,67,68,49,96,0,42,37,10,27,50,74,1,65,47,17,86,67,0,20,64,86,84,67,39,55,0,52,57,31,54,46,63,64,70,14,70,0,53,11,85,0,46,3,60,26,66,30,77,42,54,65,39,45,22,18,50,87,77,83,0,52,52,48,46,2,84,8,51,31,11,50,59,64,40,85,33,68,71,67,5,58,63,13,76,58,73,65,71,62,61,77,71,77,72,66,3,80,13,21,51,49,68,39,58,90,72,3,1,82,15,10,49,75,0,33,53,27,0,13,39,64,71,49,4,32,67,0,12,23,44,74,64,50,66,79,86,77,16,1,23,0,65,8,53,6,52,43,67,4,71,3,79,89,84,59,62,16,12,69,3,80,10,0,18,94,12,37,35,0,72,81,35,80,69,50,29,41,78,32,84,100,70,54,40,77,68,59,24,48,58,80,71,13,20,58,42,79,47,4,18,72,85,50,60,91,62,50,78,90,47,36,25,75,79,60,76,7,2,19,9,74,86,13,31
2019-06-15,4,58,34,87,0,85,24,29,17,11,72,76,100,41,0,47,48,10,26,55,79,1,73,49,23,96,80,0,22,67,96,90,55,81,63,0,63,61,33,82,52,92,72,83,13,80,1,69,3,80,0,51,3,55,17,68,21,93,47,37,73,51,42,23,18,66,87,61,85,0,74,63,60,23,1,86,8,61,29,15,68,77,75,53,76,41,68,9,71,30,55,75,15,68,68,80,72,87,72,72,80,81,76,66,71,1,90,13,23,84,53,72,46,67,89,71,1,6,87,16,16,39,67,2,29,59,34,0,6,47,80,68,55,4,30,59,0,8,29,48,88,54,52,83,82,94,92,20,1,31,0,73,8,73,5,72,54,71,0,76,3,94,89,78,42,44,14,19,78,4,72,13,0,18,89,12,49,59,0,71,93,24,85,85,100,31,84,69,53,100,96,76,64,39,72,77,58,21,48,75,85,74,15,14,48,45,70,55,2,26,69,91,45,57,82,53,47,86,85,53,38,22,86,88,55,84,16,7,11,15,81,76,15,48
2019-06-16,3,55,35,83,0,87,21,26,15,10,71,79,43,25,13,48,47,11,23,62,81,2,51,52,19,93,68,0,21,69,100,95,60,63,59,9,60,61,33,82,54,92,58,60,25,70,1,55,7,84,0,51,3,65,17,65,27,87,41,48,74,40,54,30,22,37,89,65,91,0,71,66,60,6,0,93,10,52,31,11,59,62,76,44,85,42,67,80,68,12,55,69,9,71,100,75,77,83,53,68,76,80,78,81,46,3,100,13,29,66,51,79,39,66,80,77,2,4,90,17,19,41,82,1,36,65,25,0,6,52,58,66,65,3,36,64,0,9,32,40,80,55,53,68,74,92,81,16,1,31,0,84,11,66,7,83,34,73,1,80,4,83,69,69,37,72,16,12,77,4,80,12,0,21,80,12,49,78,0,72,88,40,87,75,38,31,64,61,49,84,95,69,52,33,71,61,53,14,54,100,87,78,12,18,31,43,69,55,4,26,76,96,45,49,95,63,50,84,79,29,38,22,78,80,66,76,14,7,14,4,85,78,20,53
2019-06-17,3,51,30,59,33,86,17,22,12,15,62,64,38,100,11,41,40,9,22,51,77,1,59,46,7,87,64,25,19,62,77,88,87,51,63,0,54,59,42,45,46,68,70,59,21,57,1,49,12,90,0,38,2,65,13,60,27,74,58,49,64,46,50,28,18,17,97,80,85,3,55,49,42,36,0,76,13,47,27,15,50,54,61,42,85,37,69,32,82,22,66,61,17,74,57,78,85,47,57,90,72,70,81,74,66,2,78,11,20,61,51,60,43,49,84,70,2,2,87,12,19,68,93,1,33,55,26,0,6,56,57,58,57,4,26,71,0,9,33,40,67,59,47,81,76,81,67,21,1,31,0,71,6,72,7,63,43,67,1,74,3,84,87,73,35,71,23,23,54,3,89,10,0,19,97,15,33,26,0,69,78,26,81,73,22,29,50,65,39,77,77,69,51,29,60,73,51,30,58,57,85,55,13,9,54,36,71,41,2,10,77,91,43,65,68,50,54,77,93,45,36,25,69,79,50,71,19,3,17,5,75,87,16,45
2019-06-18,2,45,36,59,0,92,18,27,12,4,58,61,30,77,11,41,37,9,21,51,78,1,51,46,11,86,76,25,21,60,74,86,75,33,54,7,48,55,55,44,53,60,51,42,18,62,1,48,10,84,0,44,2,61,23,61,39,71,31,61,62,47,54,32,23,32,96,76,85,0,46,75,52,45,0,82,6,48,30,13,55,71,60,33,86,33,70,0,75,21,67,71,14,77,54,76,71,42,49,47,69,55,81,72,58,2,85,19,23,70,47,74,27,50,84,71,1,4,87,11,22,58,93,1,33,41,23,0,7,52,52,61,52,3,30,78,0,9,28,39,67,60,53,75,70,79,66,20,0,23,0,72,4,68,6,68,30,64,3,80,3,83,78,83,38,58,16,16,65,3,69,13,0,22,89,13,35,51,0,59,79,42,84,86,16,38,96,54,28,71,87,79,53,31,40,71,64,30,52,56,81,70,11,17,68,47,69,44,0,7,91,86,41,66,64,33,53,77,93,37,42,26,67,85,47,72,9,6,9,6,80,80,16,53
2019-06-19,4,47,38,60,33,93,19,29,13,11,67,65,24,42,34,40,45,14,21,52,79,1,60,47,17,87,74,0,21,61,76,90,80,49,57,0,52,60,31,32,51,66,54,51,16,69,1,45,9,84,81,48,4,69,21,74,24,78,52,62,65,40,58,31,20,58,95,79,86,0,51,74,52,35,1,86,6,53,27,11,49,82,62,40,88,28,88,8,67,11,77,64,20,77,55,83,76,50,67,56,73,68,85,78,62,3,74,17,18,74,60,59,39,49,90,69,2,1,89,11,19,40,95,1,33,52,28,0,17,44,54,53,58,4,40,81,0,10,41,37,70,61,54,71,80,82,71,21,1,28,0,74,9,66,11,72,48,66,1,85,3,88,76,85,41,60,16,15,46,3,75,10,1,22,92,11,27,35,0,68,85,37,87,83,12,36,43,60,32,72,76,64,53,27,64,62,75,12,47,56,72,89,12,5,53,35,68,47,1,18,82,89,46,68,68,31,56,77,93,45,37,29,71,85,49,74,16,0,12,4,77,83,14,45
2019-06-20,6,47,36,65,0,89,16,25,16,12,64,65,25,29,46,40,37,12,23,53,75,2,58,48,17,85,74,26,21,65,82,87,77,61,59,8,52,80,41,78,46,68,47,58,34,56,1,44,9,83,0,59,4,63,5,68,34,75,43,55,65,40,58,32,16,59,93,83,91,0,43,54,48,46,0,84,5,47,36,16,54,70,62,42,87,22,70,16,79,16,63,83,13,68,54,89,69,51,63,67,71,65,86,82,56,3,81,16,21,65,51,75,38,54,88,73,1,5,87,12,16,52,82,1,34,57,30,0,13,47,64,54,58,4,31,73,0,19,40,42,74,63,55,74,69,88,78,20,1,32,0,72,8,65,8,78,38,75,0,81,2,85,83,87,29,72,17,18,53,2,76,8,2,20,100,18,50,53,0,71,81,34,82,77,13,39,53,53,39,72,75,74,56,46,56,64,54,19,65,57,93,91,11,8,61,40,74,42,3,5,87,95,37,67,48,51,56,79,91,24,36,28,79,86,53,73,14,0,8,7,87,73,21,31
2019-06-21,72,55,38,70,0,88,16,31,16,12,65,65,23,25,0,52,36,12,21,55,73,3,64,48,23,86,64,0,21,64,79,85,64,68,53,16,51,100,27,65,36,77,64,49,48,55,0,42,94,78,0,71,2,64,21,69,33,79,49,57,68,38,75,43,19,94,94,74,87,0,64,63,57,31,0,75,6,56,28,22,57,67,66,58,80,28,75,33,62,11,58,72,12,71,56,79,65,72,67,52,76,61,80,76,61,2,87,15,20,56,53,61,30,74,88,90,1,2,81,13,18,61,65,0,32,65,26,0,13,46,63,68,61,4,27,72,0,100,37,38,79,61,52,70,64,85,77,17,0,24,0,74,7,64,6,71,49,69,1,76,3,80,77,90,27,67,19,100,61,3,74,12,1,20,91,14,38,54,0,80,82,47,84,75,9,46,58,55,35,68,67,72,56,36,73,64,68,31,33,60,77,77,9,6,52,39,65,46,3,10,86,87,45,62,99,45,51,90,89,39,37,27,73,85,51,72,16,0,2,11,73,81,19,68
2019-06-22,80,62,41,77,38,84,18,33,16,9,68,75,22,22,13,59,43,12,25,54,70,3,74,51,19,96,76,0,21,66,93,88,57,82,52,0,66,91,32,47,48,99,57,79,48,66,0,48,83,78,0,85,1,62,24,63,43,91,54,49,77,63,68,52,19,43,89,59,82,0,46,50,53,41,0,77,14,59,38,16,61,86,78,44,76,36,91,36,69,12,54,76,20,78,62,85,73,83,63,67,72,78,78,75,55,3,87,12,24,69,52,73,47,91,84,83,1,4,84,14,17,37,64,2,33,48,28,0,6,57,62,57,78,2,34,59,0,66,27,45,80,54,57,89,71,97,80,17,0,27,0,77,7,68,7,62,55,77,2,76,4,83,80,84,41,61,15,53,76,3,75,11,3,19,80,15,48,50,0,81,78,59,83,83,11,48,75,55,42,81,88,81,51,34,69,70,64,14,30,63,83,61,10,13,39,40,66,52,0,23,70,89,42,54,98,53,46,92,84,34,38,21,76,87,43,80,14,2,16,9,73,82,23,38
2019-06-23,74,58,37,72,0,87,17,29,15,11,68,67,22,18,0,68,45,12,25,54,80,2,66,52,20,96,72,0,22,66,87,89,64,74,62,0,56,86,38,63,63,95,65,77,51,64,0,44,52,78,0,82,3,73,9,76,34,90,43,57,84,42,60,53,17,72,94,62,86,0,44,59,66,41,2,88,3,50,28,15,57,73,75,42,92,28,83,9,61,0,63,84,22,78,61,80,71,76,70,45,77,71,80,69,43,2,80,15,26,52,55,52,23,74,79,96,0,4,89,13,19,34,71,0,41,50,26,0,6,65,65,59,69,4,41,68,0,46,39,33,80,54,64,76,68,96,89,24,0,35,0,76,10,70,7,52,45,79,3,81,2,85,74,88,33,61,15,40,94,3,70,9,0,20,85,16,46,91,0,66,82,41,89,81,9,42,51,62,44,84,78,45,56,22,62,70,65,14,37,68,83,81,8,4,60,38,69,55,0,18,72,96,47,55,84,43,51,89,81,62,39,26,77,92,44,80,5,4,13,5,88,89,17,58
2019-06-24,63,51,58,65,33,88,14,26,14,9,58,61,16,17,22,56,46,9,21,50,83,2,41,47,10,84,65,25,19,61,73,86,81,41,61,15,46,76,35,58,51,73,50,50,43,57,1,35,59,78,0,98,3,63,15,77,20,77,36,59,68,37,51,48,15,33,93,78,84,0,60,49,49,25,0,87,7,50,23,10,52,64,61,100,80,29,74,23,67,16,77,72,7,70,55,75,59,47,68,53,59,53,83,75,58,4,85,14,16,59,53,55,31,60,87,60,1,4,88,11,18,56,86,2,40,63,26,0,7,64,52,55,57,3,28,70,0,33,38,37,69,59,50,68,69,82,61,18,0,24,0,74,6,90,6,48,36,70,0,75,4,84,81,83,32,61,18,35,54,3,63,8,0,24,89,15,36,43,0,70,81,35,88,60,6,45,41,41,29,75,64,44,52,34,56,84,60,6,21,57,62,54,10,9,56,48,67,39,1,13,73,93,41,67,79,55,52,78,92,19,34,27,68,85,45,71,12,2,9,7,74,88,31,42
2019-06-25,62,52,57,61,0,90,15,25,12,10,58,59,17,14,34,56,41,11,22,48,81,3,48,48,14,84,62,0,21,64,67,88,80,58,74,0,54,75,54,22,43,68,52,58,36,56,1,35,61,86,40,100,4,70,8,78,42,74,47,67,68,52,74,47,16,37,96,81,86,0,52,59,59,25,0,88,9,52,29,11,46,61,60,51,91,31,76,8,70,11,72,64,13,74,52,78,58,49,63,54,68,58,84,71,44,3,85,14,22,54,59,63,27,57,88,61,0,6,86,10,14,43,83,1,38,67,24,0,11,55,46,40,59,4,33,68,0,26,28,38,67,62,50,67,74,80,63,19,0,25,0,73,6,67,8,57,51,69,1,76,3,79,76,74,31,76,26,29,46,3,84,9,43,20,90,12,33,86,0,69,80,25,83,98,7,100,26,61,27,74,69,64,52,35,54,70,57,12,21,56,71,64,7,0,68,36,69,45,0,13,94,92,31,66,79,46,52,76,93,40,36,28,59,78,48,67,13,0,17,8,91,81,19,38
2019-06-26,65,50,55,63,0,87,15,24,13,9,57,60,20,12,11,56,38,12,20,45,76,4,52,49,17,84,71,0,28,62,69,86,78,65,68,7,52,69,35,39,34,66,73,54,31,52,1,36,51,78,0,87,2,62,12,73,28,77,56,56,66,40,43,40,17,28,91,85,90,0,55,66,62,34,0,85,4,48,26,18,51,48,61,45,86,24,72,8,89,21,64,65,16,69,53,74,62,47,63,64,61,56,82,79,43,3,68,12,12,62,51,52,25,62,88,68,2,2,83,10,26,63,87,1,34,57,29,0,5,40,51,53,58,3,31,72,0,23,33,41,69,60,49,61,55,80,64,18,0,26,0,72,6,80,6,64,25,67,0,76,3,81,81,89,29,73,21,37,47,3,72,17,56,19,95,13,28,25,0,53,80,42,85,89,6,73,34,52,35,72,69,57,49,16,47,68,46,23,26,55,84,67,7,2,42,30,68,40,1,10,80,88,26,65,68,24,51,78,92,35,34,21,66,84,47,70,18,3,14,9,80,88,24,41
2019-06-27,62,48,54,63,0,90,14,27,16,10,60,57,17,12,22,59,45,14,20,52,75,6,44,47,17,85,71,0,27,59,70,87,71,47,58,15,48,71,36,88,46,66,64,43,32,53,1,35,47,78,39,88,2,63,17,66,27,71,35,58,64,34,48,40,15,36,89,94,85,0,48,68,60,29,1,74,5,46,31,15,50,67,59,47,78,20,81,23,80,10,63,64,14,72,52,67,67,51,58,56,58,59,81,70,43,1,69,17,24,46,46,87,25,58,85,64,0,3,81,10,20,45,77,0,39,56,25,0,4,46,47,62,57,3,34,69,4,23,41,39,70,58,46,80,72,83,65,16,0,20,0,70,6,78,6,42,39,69,1,71,2,86,73,94,35,73,18,33,69,3,69,18,100,21,94,75,42,84,0,55,75,32,85,73,5,54,13,58,19,67,52,48,51,28,48,77,45,18,41,55,81,62,9,3,52,30,66,40,1,10,91,85,36,65,68,42,50,77,94,29,34,26,64,78,46,67,12,5,8,6,83,84,19,37
2019-06-28,65,54,54,67,0,87,14,28,19,8,66,54,19,12,47,61,41,100,22,59,80,5,47,47,19,85,73,0,27,66,74,88,64,98,62,0,54,76,31,28,75,69,75,58,31,58,1,36,63,79,0,81,2,59,11,72,42,83,49,53,68,44,74,40,14,48,87,84,88,0,76,69,66,74,1,77,4,56,38,19,54,58,67,38,73,21,77,16,73,28,59,69,15,70,61,85,70,71,72,72,67,61,80,75,46,3,77,15,17,57,53,64,22,68,83,65,100,5,77,11,29,39,71,2,37,52,21,0,10,45,56,56,63,4,29,68,56,25,30,29,71,58,50,70,73,87,63,21,0,25,0,68,9,78,8,69,33,73,3,74,3,82,74,82,25,53,17,29,64,3,80,100,72,25,84,100,39,100,0,65,72,37,79,82,4,52,34,63,22,66,71,41,50,31,60,76,69,19,39,58,93,61,9,7,41,36,67,47,1,21,86,86,43,68,69,55,47,80,89,47,36,22,76,79,50,72,15,0,7,6,78,85,15,42
2019-06-29,70,57,65,79,0,86,16,29,22,9,72,72,21,13,39,84,39,81,24,58,90,6,63,52,23,97,75,29,28,68,93,93,55,91,61,0,59,70,65,63,52,95,49,66,39,56,2,39,45,78,47,89,3,65,33,96,41,100,67,39,77,46,75,51,17,81,88,63,85,3,100,75,74,35,1,81,8,49,37,8,62,50,76,46,78,31,58,36,66,25,61,71,14,70,61,82,72,82,66,84,65,71,76,80,30,2,70,11,27,63,56,71,47,80,81,87,89,3,90,11,26,40,63,0,36,76,27,0,2,45,65,68,71,4,37,66,79,24,44,44,82,60,58,84,74,96,79,17,0,27,1,72,12,77,8,49,39,80,9,76,5,87,77,78,31,63,26,35,88,3,79,86,60,29,83,71,34,60,0,57,82,52,87,86,6,57,30,56,21,76,87,66,57,37,67,84,65,7,31,69,88,66,8,13,58,39,61,54,1,21,74,91,39,59,87,57,46,92,83,37,41,24,92,80,50,77,6,2,4,5,86,78,18,44
2019-06-30,65,55,61,71,0,81,15,29,17,9,78,64,20,12,38,73,50,71,23,56,91,7,54,51,14,96,70,0,27,70,78,96,61,83,61,9,56,72,41,93,71,90,77,50,42,53,2,38,65,77,0,78,3,64,9,81,29,90,48,49,79,51,75,53,19,66,89,65,87,0,66,74,72,29,0,82,7,53,41,9,58,48,70,47,75,24,68,18,61,25,51,76,18,78,60,86,58,72,84,56,70,64,78,69,46,3,76,10,36,58,56,89,33,70,76,81,64,3,92,11,15,38,70,1,46,59,23,0,6,53,53,56,69,4,43,64,65,21,32,33,78,55,62,81,80,92,71,16,1,24,0,77,11,69,7,57,36,78,3,79,3,82,63,71,37,67,100,33,64,4,69,67,42,26,84,59,41,59,0,65,87,49,89,78,6,73,27,46,21,81,74,58,59,27,55,81,60,14,36,66,88,79,8,2,41,30,66,47,1,26,61,90,36,55,83,32,48,91,79,39,39,20,79,85,50,74,21,2,7,5,85,75,17,59
2019-07-01,57,49,51,77,0,87,14,22,25,10,59,53,15,10,45,66,38,57,20,50,79,5,55,47,18,86,59,25,23,61,62,89,79,75,59,15,52,69,47,36,46,69,32,42,31,39,1,29,44,76,81,84,4,65,26,63,34,79,47,60,72,36,52,39,13,25,92,79,88,0,53,61,60,20,0,85,8,38,34,12,46,42,59,48,81,17,73,8,72,11,56,70,13,72,52,79,65,45,68,54,62,59,80,69,66,3,68,12,21,60,59,53,25,64,79,71,47,4,86,10,24,55,69,0,33,63,25,0,11,30,51,50,54,4,26,68,53,18,48,43,66,54,50,82,63,84,60,16,1,20,0,78,7,73,4,49,24,68,18,73,2,79,74,66,32,53,21,29,44,4,69,48,45,24,88,55,35,35,86,62,80,37,85,67,6,60,15,46,24,67,74,50,55,35,69,78,52,6,37,57,83,77,9,5,58,44,66,39,0,5,86,88,38,67,85,50,49,80,93,34,34,23,63,79,56,75,10,3,0,9,80,74,14,43
2019-07-02,60,44,43,76,0,86,13,22,20,9,76,56,17,8,22,63,32,53,20,47,78,5,48,46,9,84,73,25,23,55,58,94,74,69,58,0,46,70,48,45,43,64,43,53,30,41,1,27,35,80,0,73,1,60,20,72,25,76,59,63,68,46,58,41,14,61,89,100,92,0,51,64,64,55,1,77,19,50,31,26,44,72,58,47,75,19,77,23,85,0,63,69,12,73,52,70,66,50,46,61,60,54,79,61,29,2,68,10,19,66,58,57,44,64,88,69,63,3,82,9,15,52,78,1,30,52,24,0,4,44,55,47,52,3,30,69,49,18,28,41,65,54,48,78,60,81,58,17,0,25,0,71,5,72,7,49,33,67,36,77,2,81,86,86,59,69,17,26,36,19,82,38,38,23,90,35,33,34,0,54,81,39,77,64,5,52,22,51,25,64,63,56,48,24,53,70,53,18,21,56,77,67,8,3,57,30,63,44,2,17,83,89,23,76,70,33,49,76,93,33,36,24,66,73,55,68,19,2,11,2,76,75,17,40
2019-07-03,60,45,50,65,0,85,16,25,18,9,68,53,18,10,34,75,31,51,20,44,86,6,38,47,22,82,64,25,23,57,60,84,73,60,57,0,48,71,61,22,59,62,67,51,33,46,1,28,43,78,0,74,2,60,18,54,30,78,74,56,71,39,54,42,14,57,86,84,86,0,61,69,52,15,1,74,10,50,35,11,46,48,63,45,81,17,78,23,65,11,56,61,16,69,51,71,72,46,71,70,58,57,77,48,33,3,74,15,23,64,52,63,42,71,89,64,44,1,79,9,21,32,66,1,29,55,19,0,5,34,52,47,49,4,32,64,60,16,26,34,66,53,47,78,67,82,59,13,2,30,0,73,7,73,7,59,25,67,23,76,4,76,73,67,35,64,16,30,60,19,73,37,33,21,86,41,33,34,0,55,81,33,79,67,4,52,15,60,26,68,59,45,51,13,38,65,58,12,31,56,75,60,8,6,48,32,70,44,0,13,75,90,25,65,80,37,48,76,94,40,35,18,70,73,59,65,7,0,9,6,79,80,20,42
2019-07-04,65,46,51,72,0,83,14,25,21,9,75,59,17,9,24,76,36,47,22,47,74,7,48,47,18,97,57,0,21,66,65,85,65,60,73,0,46,67,53,33,71,63,79,63,41,39,1,28,56,78,45,80,3,64,5,66,30,88,57,37,72,41,57,44,12,35,85,76,93,0,60,68,100,26,1,76,6,40,41,14,51,47,66,52,71,22,65,16,74,22,54,68,12,71,55,81,63,47,66,46,64,57,75,69,35,3,72,15,24,60,54,49,97,82,89,60,41,2,82,10,13,36,63,1,41,64,24,0,10,44,51,62,54,3,31,63,56,19,24,42,66,53,47,68,63,83,63,15,1,23,0,78,14,76,6,53,39,76,15,71,5,79,69,68,27,48,16,26,46,16,69,40,34,19,83,41,36,36,89,79,76,35,83,71,5,66,25,47,22,67,76,61,50,33,53,89,53,13,22,57,82,63,6,2,44,32,69,44,16,18,89,91,33,61,59,71,100,81,93,44,36,27,67,78,100,69,10,0,8,6,76,73,16,44
2019-07-05,70,45,52,68,35,80,14,22,94,7,73,61,18,9,24,80,41,41,21,48,77,9,47,48,18,90,61,0,21,62,70,85,61,99,60,8,57,70,59,24,64,67,53,46,28,48,1,29,48,79,46,80,2,55,14,79,25,91,42,41,70,41,60,48,13,75,81,72,91,0,67,72,76,5,0,74,8,48,31,18,52,57,68,40,75,18,77,17,63,11,53,63,15,70,54,74,67,74,57,67,70,60,74,62,51,2,69,11,24,59,54,70,64,84,82,66,52,3,81,10,13,36,62,0,35,64,23,0,12,42,46,55,59,3,35,65,40,19,40,35,76,53,51,75,63,85,70,21,1,100,0,75,8,79,6,55,25,84,11,70,100,78,72,77,31,53,15,17,68,12,78,43,28,20,83,37,37,28,0,51,74,46,76,76,5,69,12,55,30,69,68,57,53,40,70,60,47,6,34,60,91,80,7,5,55,27,61,42,4,22,72,85,25,62,62,43,79,81,91,34,37,27,68,74,63,71,11,3,3,6,73,77,13,60
2019-07-06,78,52,54,72,0,82,17,27,100,9,77,59,20,9,13,86,41,43,24,54,76,12,65,52,23,97,65,0,25,64,78,88,54,86,65,0,56,70,54,72,62,89,59,74,31,55,1,31,46,78,0,82,5,60,17,79,29,99,23,50,77,44,71,47,16,52,86,62,85,0,71,69,72,40,0,79,8,46,48,21,53,53,77,44,81,28,65,36,58,18,54,73,16,66,59,75,66,87,81,67,65,63,75,66,67,2,93,15,19,45,54,74,66,93,81,100,50,4,84,12,22,38,61,0,40,67,39,0,17,39,54,60,56,4,30,58,56,20,34,44,79,54,56,70,58,93,66,22,0,85,0,77,10,68,9,62,23,87,13,78,64,81,65,69,36,65,14,28,86,11,80,47,17,19,84,42,33,59,0,75,84,100,91,89,5,75,25,63,22,76,87,50,58,36,61,86,53,0,36,65,73,54,9,4,33,36,61,55,2,9,73,89,31,59,66,53,67,86,84,26,40,22,80,81,46,77,12,4,4,5,79,74,19,40
2019-07-07,77,55,60,65,37,87,15,26,85,9,73,64,16,8,26,79,43,37,23,62,83,15,42,56,13,93,79,0,27,64,78,92,64,91,64,9,52,73,63,87,70,89,59,48,33,57,0,28,53,80,98,73,3,72,14,84,50,88,45,50,82,54,59,41,15,33,94,81,91,0,64,68,75,34,0,83,8,59,55,27,58,48,73,45,93,26,73,0,75,12,63,77,15,65,60,84,52,74,59,72,69,59,81,65,38,2,78,14,23,59,53,58,66,75,74,87,34,2,94,11,18,38,74,0,39,72,25,0,8,58,51,53,59,3,35,97,43,22,25,43,83,53,54,88,61,96,66,19,0,56,0,85,12,63,7,57,23,83,6,86,60,82,75,83,33,68,14,33,47,9,69,40,26,22,77,40,38,20,0,67,96,33,100,77,5,98,27,51,19,78,89,63,61,21,59,79,53,14,48,68,77,77,9,2,40,36,59,43,1,23,78,92,32,52,57,67,53,90,79,46,41,19,77,89,44,74,11,0,5,4,85,77,15,54
2019-07-08,69,47,47,50,0,84,11,20,85,8,68,53,16,6,11,55,38,36,21,55,81,16,42,48,10,83,58,0,27,55,67,88,81,68,65,0,46,74,69,58,48,71,47,41,36,54,0,29,33,79,0,59,2,68,15,75,30,76,54,68,71,42,43,46,12,49,93,80,86,3,50,59,75,45,0,84,14,47,28,22,47,53,60,38,88,16,82,23,69,16,63,76,13,68,52,77,76,43,66,62,59,52,81,67,40,5,75,18,23,52,51,61,71,61,78,74,46,4,92,9,20,44,66,1,37,55,24,0,11,36,43,58,59,4,22,90,34,21,33,31,67,52,49,91,59,81,53,17,0,48,0,74,6,73,10,54,20,71,8,75,40,77,80,73,33,66,16,18,60,7,74,34,29,23,79,34,32,34,0,63,85,35,85,72,5,91,13,48,25,69,66,48,52,21,46,83,47,0,26,56,81,47,6,6,59,31,61,35,0,12,97,96,26,69,63,46,51,75,94,36,36,24,61,78,47,72,11,5,8,6,74,76,20,37
2019-07-09,73,45,54,49,0,89,10,21,62,10,63,54,16,7,23,66,41,35,21,52,78,16,51,50,12,82,71,50,29,60,71,90,76,49,60,0,50,69,39,72,67,66,48,45,32,55,1,26,52,83,0,64,3,60,18,65,43,74,69,64,73,47,58,45,16,25,97,79,90,0,51,63,67,40,0,83,7,44,38,20,46,54,61,33,90,17,76,31,90,21,54,63,19,66,55,76,61,48,52,55,60,52,84,77,52,3,78,15,22,56,52,77,52,56,89,74,44,2,93,9,20,45,73,2,42,58,28,0,7,38,43,44,55,2,27,81,23,21,54,47,75,52,58,75,62,84,59,15,1,49,0,75,5,62,8,55,28,74,9,77,35,84,67,73,32,63,16,22,56,6,66,44,29,22,79,40,35,43,0,55,77,47,80,70,4,59,28,52,35,70,62,51,53,27,52,64,43,0,26,61,82,55,7,3,60,24,65,36,0,5,85,93,28,75,52,46,52,77,95,29,36,28,65,79,45,66,18,0,14,5,72,77,47,40
2019-07-10,73,44,49,48,0,86,13,22,66,6,61,52,15,7,45,65,41,33,20,50,87,19,44,46,15,86,55,49,27,56,64,88,76,77,61,8,45,76,47,45,50,64,63,45,40,58,1,27,43,77,0,60,2,60,20,67,42,73,44,50,69,48,65,51,13,49,91,81,88,3,53,63,77,20,0,76,10,52,36,19,42,45,61,36,82,22,75,8,75,0,58,58,19,70,55,80,71,47,48,62,60,56,81,66,52,3,70,11,20,56,53,77,61,61,92,71,50,3,81,9,17,37,71,0,31,47,32,0,9,31,44,41,51,3,30,72,60,18,56,35,67,53,54,70,65,82,59,18,1,37,0,74,6,72,8,49,25,71,6,80,57,82,62,72,29,57,15,24,80,6,64,45,23,20,79,44,31,43,0,54,79,25,85,65,4,44,35,40,21,63,62,51,58,26,48,61,48,0,47,60,74,49,6,5,51,24,61,36,0,8,82,89,30,69,57,40,50,78,93,29,35,26,65,75,42,65,13,2,5,5,88,75,70,37
2019-07-11,78,73,48,53,0,85,13,25,60,7,66,48,14,9,45,65,32,35,21,50,75,19,52,49,25,85,71,0,24,61,66,91,72,57,66,0,48,66,60,45,56,67,60,40,39,46,0,26,35,76,43,52,2,65,15,81,33,75,35,58,70,39,52,44,11,74,92,80,84,0,66,65,80,50,0,73,10,44,35,19,49,43,62,37,78,27,70,31,77,11,57,66,15,69,54,73,54,52,72,65,67,47,82,74,41,3,79,11,19,55,48,63,33,63,89,63,52,4,92,10,18,45,64,0,28,53,32,0,11,31,46,51,58,4,29,67,45,19,30,41,67,53,47,68,63,84,60,16,0,41,0,71,17,65,38,42,30,71,10,82,55,88,75,79,30,69,15,24,63,5,80,44,14,22,88,35,35,43,0,57,77,25,80,67,4,43,24,62,22,69,72,50,62,24,46,59,52,6,21,59,76,73,7,5,52,26,59,31,0,3,83,92,21,69,61,49,52,79,96,27,34,23,57,84,42,73,8,2,5,6,80,86,100,40
2019-07-12,89,100,54,70,0,87,12,27,60,9,71,55,16,7,12,75,37,44,21,49,79,15,57,49,20,84,68,51,23,57,67,91,65,82,66,0,47,76,52,51,44,67,66,52,34,52,0,31,55,77,0,55,2,66,21,81,61,83,31,47,75,48,56,51,15,55,86,78,85,0,67,71,99,62,0,78,100,36,38,20,50,57,71,39,86,26,74,32,76,11,56,64,16,69,56,78,66,69,46,51,61,51,80,82,77,2,70,12,22,58,56,67,40,82,90,77,55,7,84,10,20,30,64,0,34,52,100,0,4,31,43,66,65,4,25,70,43,17,42,40,71,53,56,71,61,86,59,17,1,48,0,77,97,59,100,44,26,81,100,77,68,80,88,62,36,58,16,21,45,5,86,39,11,24,81,35,33,18,0,66,81,38,79,74,3,39,20,51,22,74,82,65,62,33,54,62,59,0,11,61,87,79,7,3,55,32,58,38,1,8,86,86,32,66,56,57,54,83,89,20,36,20,67,81,39,63,13,0,11,1,85,78,92,63
2019-07-13,100,88,60,78,0,85,16,27,63,9,78,67,15,8,40,88,41,45,25,54,79,17,60,54,20,97,58,0,26,65,74,94,61,100,74,9,53,95,74,90,94,89,75,55,46,50,1,33,50,76,0,52,3,61,21,83,69,96,70,78,86,55,63,47,13,87,88,62,83,0,55,71,94,59,0,82,52,51,33,16,62,80,75,40,77,20,70,28,70,13,61,76,18,70,62,84,100,90,86,65,69,50,81,71,78,3,96,16,26,53,57,84,23,100,82,74,52,4,88,12,17,47,63,0,54,56,97,0,6,45,57,66,70,4,37,61,44,22,47,47,83,55,60,79,71,93,66,15,0,56,0,81,100,76,80,55,29,90,51,82,60,87,73,89,33,64,15,32,57,5,91,53,5,25,82,43,36,41,100,73,88,48,86,85,5,47,20,55,26,81,98,62,62,28,65,60,54,21,12,71,89,86,6,2,47,39,66,45,0,3,97,92,37,59,57,50,54,95,88,59,41,23,73,89,42,77,14,0,2,10,96,82,87,77
2019-07-14,92,70,54,65,0,85,13,25,52,9,73,59,13,7,26,85,38,43,24,56,81,23,53,55,25,94,56,0,27,63,67,93,61,59,71,0,50,83,63,72,79,89,96,57,53,53,0,30,43,75,99,49,1,67,29,91,83,91,45,61,83,39,69,50,14,57,93,63,89,0,62,75,95,52,2,77,36,52,43,25,54,66,73,38,88,15,73,54,66,31,63,86,18,72,59,84,69,78,82,61,58,61,85,72,55,3,81,13,20,80,55,49,40,82,79,80,45,6,95,11,24,40,79,0,39,51,96,0,4,36,58,58,66,10,33,61,100,17,37,42,78,54,62,76,52,96,68,13,1,46,1,83,78,63,55,69,32,83,26,78,53,84,74,87,31,65,14,23,59,6,80,41,15,20,88,30,32,40,0,68,89,49,88,78,5,50,15,58,27,80,92,51,53,24,65,60,58,0,24,67,99,90,7,0,48,27,63,36,0,6,75,97,31,55,61,28,53,89,81,29,38,23,65,84,45,69,13,2,5,8,72,87,44,49
2019-07-15,81,57,44,51,0,91,10,22,48,10,69,49,13,6,11,61,31,38,20,53,81,20,42,48,16,84,65,0,22,55,52,91,82,71,58,0,43,75,75,41,46,69,99,51,40,42,1,29,45,78,0,57,2,60,26,80,59,79,65,69,76,42,49,46,11,46,93,79,88,0,62,62,68,51,0,77,25,36,44,15,49,51,61,37,86,13,74,16,77,11,66,83,23,71,54,80,71,47,47,67,53,46,85,88,45,3,86,14,18,65,54,62,39,66,86,71,48,5,100,9,16,54,73,1,30,50,75,0,2,34,42,45,61,5,33,70,58,14,44,41,65,51,52,63,59,83,55,14,1,40,0,82,63,78,46,53,14,74,24,78,46,84,70,66,31,72,16,12,57,4,75,33,8,26,94,23,36,35,0,64,78,55,84,61,6,47,13,37,16,67,72,52,51,30,42,59,49,18,32,58,77,80,8,5,56,27,61,31,0,15,79,91,27,64,53,53,54,79,97,32,35,23,63,75,46,65,16,2,8,7,85,85,26,59
2019-07-16,82,53,54,53,0,89,12,22,56,6,66,51,13,7,0,68,35,38,21,54,78,23,45,47,12,81,65,0,22,54,54,85,78,51,60,8,43,75,68,49,39,68,68,44,42,50,1,25,40,78,0,53,3,67,30,73,72,78,69,44,73,37,50,45,15,62,95,82,91,0,64,67,80,40,0,86,22,51,39,15,48,55,60,41,88,18,69,16,76,11,59,75,18,72,62,76,63,48,73,69,52,38,83,72,59,2,78,17,16,49,54,69,31,56,95,79,48,4,95,9,18,40,69,0,39,49,72,0,7,31,38,56,57,4,25,70,60,16,31,50,62,53,49,72,61,82,50,19,1,40,1,80,60,71,39,45,30,76,17,76,43,83,81,81,34,55,16,27,51,6,80,29,6,20,86,33,35,9,0,68,80,37,80,64,5,42,22,35,27,66,79,42,57,29,53,61,51,0,21,56,72,75,6,3,61,28,64,32,0,5,84,89,19,64,54,34,58,79,97,27,36,24,60,75,47,67,13,2,6,6,77,78,17,38
2019-07-17,84,51,52,55,0,88,11,22,44,8,65,48,14,9,23,68,35,37,20,49,87,20,50,48,15,85,54,25,22,57,56,88,74,56,60,8,42,73,53,64,62,65,65,54,45,58,0,23,46,78,0,57,3,65,23,80,59,78,50,62,72,47,49,55,15,33,95,88,85,0,54,65,82,15,0,86,29,43,36,23,45,56,61,40,87,16,65,8,88,16,67,68,17,70,58,78,54,49,81,67,60,41,84,63,60,3,79,12,26,56,54,70,43,58,100,75,52,6,91,9,22,53,72,1,31,56,79,0,6,33,47,50,58,3,27,67,42,18,35,41,62,54,50,66,52,85,54,16,1,33,0,78,46,64,38,49,33,76,19,90,33,86,76,68,30,78,16,17,32,4,72,32,12,21,90,26,34,35,0,55,80,38,79,63,4,52,15,49,21,71,75,53,55,19,62,65,40,6,16,62,82,63,5,0,38,27,64,29,1,15,82,95,28,66,61,53,56,80,93,32,36,27,67,81,44,71,16,2,3,6,83,87,17,40
2019-07-18,83,52,51,55,0,88,12,22,47,7,72,53,12,7,12,68,36,41,21,48,77,21,55,47,13,85,61,26,20,60,53,85,69,67,66,8,44,71,59,28,49,67,77,45,35,54,1,26,90,72,0,67,2,59,13,79,55,79,36,56,74,39,50,50,16,86,94,78,84,0,55,91,71,16,0,79,25,48,33,20,47,61,65,46,83,14,72,25,71,17,52,64,18,68,56,68,59,50,54,62,57,47,81,68,50,4,90,16,23,57,53,83,38,62,99,73,53,3,90,10,22,44,74,2,34,61,65,0,6,37,47,48,58,3,27,68,71,15,33,43,66,54,51,74,53,87,56,14,1,36,1,78,43,60,36,70,23,71,22,83,32,79,81,60,38,56,17,18,69,4,65,39,11,20,90,27,34,18,0,54,82,51,83,65,4,69,23,44,29,69,72,46,58,28,58,60,46,12,16,61,74,55,5,7,59,33,58,38,0,8,87,85,25,64,63,26,55,81,90,29,37,29,64,80,40,67,10,5,5,5,86,83,16,49
2019-07-19,85,55,55,58,0,86,13,22,49,10,65,55,14,6,12,76,36,35,21,47,78,20,55,49,18,86,65,27,20,58,62,85,63,71,60,77,44,74,59,48,67,70,62,55,50,52,1,30,86,78,0,66,2,56,16,80,57,84,53,57,79,44,45,56,14,75,91,69,87,0,77,78,81,38,1,89,21,46,34,15,53,42,66,41,85,20,69,42,61,34,52,67,10,68,63,77,63,80,77,78,56,46,77,62,56,3,83,18,23,38,55,59,35,71,98,77,60,4,83,11,15,37,63,1,37,65,70,0,12,38,48,53,59,3,35,65,61,17,32,31,65,54,51,74,52,90,59,16,100,30,100,77,43,68,31,56,25,74,15,81,31,85,92,54,25,59,16,13,78,4,69,42,4,22,83,37,31,37,0,52,79,40,80,73,3,50,26,50,24,67,64,56,54,31,55,73,63,19,11,61,73,73,4,3,57,23,63,32,0,8,77,88,29,64,54,46,56,84,86,18,38,24,66,80,39,74,12,3,7,8,75,83,17,56
2019-07-20,99,58,67,63,0,88,14,26,49,11,82,62,14,7,14,100,100,42,24,51,82,30,54,52,21,98,72,0,22,60,66,91,56,82,63,48,47,79,76,49,86,90,53,60,100,60,0,31,74,79,0,64,6,61,12,95,71,98,30,42,86,55,61,57,15,74,93,62,90,0,68,100,93,42,0,84,31,47,33,30,54,71,81,47,86,17,69,28,55,26,51,76,13,69,66,81,75,88,64,60,60,53,79,83,62,4,75,17,36,70,58,76,46,92,93,81,48,4,88,11,17,45,57,1,42,54,66,0,9,54,63,54,64,3,37,62,64,18,24,51,73,55,54,68,59,99,65,16,88,45,70,80,45,69,32,60,34,83,16,85,31,84,68,64,35,58,16,21,53,4,86,47,7,20,81,29,28,42,0,67,94,61,87,74,6,53,18,59,20,76,84,50,57,38,71,55,54,0,57,71,86,75,7,4,33,30,65,34,1,12,71,93,31,52,75,59,57,92,81,28,40,21,81,87,41,85,18,2,2,7,83,79,11,62
2019-07-21,99,58,60,59,0,86,15,27,49,8,74,62,15,6,54,92,56,39,23,56,82,32,50,56,10,100,72,0,23,68,61,93,66,93,68,9,45,78,81,54,71,90,66,58,62,57,0,30,51,80,0,61,2,61,30,100,49,98,29,40,88,48,62,59,16,69,98,64,88,3,50,87,84,48,2,88,26,58,47,27,56,62,79,45,89,11,66,37,55,13,50,70,13,70,68,85,78,76,61,87,59,55,81,71,62,2,79,11,26,55,56,80,55,79,78,89,47,2,89,12,18,38,73,1,41,46,62,0,7,39,52,47,64,4,34,58,50,16,70,46,77,56,84,78,61,97,64,18,57,31,33,82,39,66,32,56,21,83,22,90,29,87,76,71,27,64,17,26,55,3,70,60,11,20,81,22,42,41,0,52,91,70,92,83,7,45,21,70,33,79,94,52,54,28,54,58,53,0,13,69,84,52,6,7,54,28,66,33,0,15,83,100,31,51,56,48,56,94,80,18,41,25,72,81,47,78,9,0,4,3,92,73,25,53
2019-07-22,78,48,51,45,0,87,10,21,52,8,67,55,14,7,0,64,46,36,21,50,78,22,47,50,13,85,56,26,20,54,53,89,77,61,66,16,38,67,64,56,55,68,58,45,66,53,0,25,64,82,45,53,2,58,34,78,42,81,51,51,77,41,52,54,10,69,98,75,83,3,61,78,73,37,0,85,13,54,42,15,50,61,70,37,86,15,66,8,67,22,57,67,11,71,57,74,64,46,45,65,55,40,79,67,50,2,79,15,22,49,60,57,42,60,86,75,56,1,94,9,19,57,68,1,37,64,57,0,4,32,46,44,54,3,26,64,71,15,47,51,62,52,62,100,60,86,44,16,45,40,31,75,34,68,23,37,20,69,7,81,19,84,79,53,26,56,20,8,58,4,69,43,5,20,83,29,33,36,0,60,86,32,86,58,5,37,23,53,15,71,78,41,53,30,61,57,47,12,27,57,76,70,5,0,50,22,61,26,0,10,86,93,28,62,53,32,58,80,92,28,36,26,51,77,40,72,12,0,3,1,84,86,15,34
2019-07-23,77,51,61,53,34,90,10,21,44,9,65,54,17,7,23,57,50,34,22,50,72,27,44,50,17,89,66,0,20,59,47,89,74,68,58,49,43,66,74,56,40,65,63,44,69,53,0,23,51,78,89,51,3,61,16,74,52,77,51,59,77,28,28,48,10,81,95,78,86,0,43,79,66,52,3,79,21,50,38,18,48,63,65,45,75,17,79,24,72,22,61,58,13,83,58,76,82,50,79,80,54,47,83,61,30,5,73,15,17,59,79,63,32,57,93,73,41,4,91,9,20,52,76,0,41,44,62,0,8,21,41,49,52,59,31,66,43,14,26,41,65,57,61,80,58,85,54,15,42,27,19,81,32,63,20,41,32,71,5,85,23,86,78,53,32,64,18,20,45,3,74,43,9,22,82,26,31,53,0,54,86,42,90,64,4,36,18,55,16,71,69,44,53,30,50,62,43,6,38,61,74,56,6,0,43,22,65,31,0,10,86,94,28,62,60,32,55,79,88,30,45,30,58,76,39,70,10,3,10,4,87,84,30,36
2019-07-24,72,47,58,47,34,85,12,21,43,7,65,50,11,6,0,62,42,35,22,47,85,34,43,48,14,85,57,26,20,59,49,87,76,64,57,50,40,68,59,52,41,59,79,39,55,46,1,25,61,78,0,50,2,67,8,73,68,78,83,53,76,38,42,48,12,69,91,77,87,0,42,75,82,21,0,81,26,34,41,25,46,73,70,42,83,7,73,16,84,22,58,69,12,73,55,76,69,56,73,76,58,45,80,59,39,2,73,12,18,45,83,66,24,62,95,85,50,4,83,9,17,41,75,1,42,55,55,0,8,39,43,44,49,100,28,70,44,15,44,35,63,58,57,57,59,83,52,16,39,33,22,74,33,63,19,48,26,70,11,80,18,85,78,54,33,57,16,21,61,3,67,41,10,20,78,26,42,54,0,60,74,37,86,62,4,32,9,50,10,69,75,40,50,25,48,65,50,6,38,59,65,82,5,5,56,34,60,27,0,11,75,90,20,63,65,39,51,79,87,20,39,24,58,79,41,67,13,0,3,2,83,89,25,44
2019-07-25,75,53,60,55,0,84,11,21,44,9,62,46,13,6,12,73,43,35,20,47,81,23,33,49,12,87,58,26,20,56,51,87,67,56,57,0,40,65,58,61,59,59,52,54,63,49,1,51,64,74,45,51,5,63,37,82,39,77,31,62,76,40,64,54,13,65,91,78,84,3,58,76,75,32,0,86,17,41,32,23,48,67,69,43,80,12,72,66,75,22,50,58,21,68,56,82,52,66,92,80,54,47,78,66,66,5,71,12,21,44,67,66,34,60,94,75,47,1,80,9,21,45,69,0,41,54,53,0,8,37,44,36,45,34,32,75,52,15,33,37,65,64,53,73,57,84,54,19,32,21,14,78,30,62,21,47,13,75,3,76,25,90,78,66,29,63,16,18,31,3,55,38,10,20,75,32,31,18,0,48,78,39,85,85,3,40,18,56,18,70,76,42,60,28,57,68,41,13,5,59,67,44,8,2,49,30,58,27,0,13,90,88,25,63,52,45,50,79,87,42,37,23,61,77,44,64,9,2,5,4,82,99,16,30
2019-07-26,77,55,73,62,0,85,53,21,39,3,74,54,15,6,24,65,38,33,21,46,77,34,55,48,12,85,59,0,19,57,52,88,60,75,63,8,46,71,72,72,52,69,72,39,49,58,1,100,63,78,0,53,3,64,38,70,60,85,42,40,76,39,51,46,13,48,87,66,89,0,59,77,91,43,1,80,19,46,100,19,49,69,87,40,86,14,65,75,70,11,49,57,18,69,62,77,66,90,66,80,59,49,79,66,63,100,70,10,28,65,56,50,29,62,95,76,50,100,81,9,16,60,63,1,75,53,47,0,8,41,46,50,50,20,100,98,48,13,100,100,63,54,50,70,49,86,49,19,48,34,18,73,29,55,19,55,17,100,13,77,20,81,75,60,27,49,16,6,44,3,66,39,2,20,83,24,35,74,0,55,73,37,82,100,5,34,9,51,16,68,67,31,61,20,62,46,57,6,39,61,76,53,5,3,52,28,59,33,0,8,87,87,21,58,60,26,51,84,84,20,39,23,66,80,45,70,13,3,2,3,86,100,18,58
2019-07-27,90,60,76,68,0,82,84,24,48,7,67,61,16,8,13,90,39,34,24,49,78,38,59,51,22,96,63,29,20,66,62,93,57,80,65,19,46,78,68,94,80,92,53,48,60,70,0,64,75,78,0,48,8,55,12,78,37,100,75,58,87,39,58,51,14,82,85,56,89,0,71,89,98,41,0,77,22,54,100,13,47,66,100,45,85,16,73,82,71,19,53,84,15,73,66,81,69,99,56,73,67,55,77,73,69,45,91,14,22,71,60,76,34,80,86,94,58,54,89,11,13,29,57,0,100,57,51,0,2,46,46,68,61,16,70,73,71,15,75,89,76,53,59,72,64,94,63,20,38,35,15,79,30,65,20,53,20,91,6,79,23,85,80,64,28,50,15,8,54,4,72,48,7,20,80,27,36,30,0,58,89,50,86,94,4,32,38,54,31,72,90,43,59,16,78,70,49,0,18,73,93,36,6,4,38,36,60,37,0,15,93,91,30,51,51,47,53,92,85,20,39,22,77,86,42,75,12,2,0,6,91,79,16,52
2019-07-28,89,57,74,60,77,89,52,24,46,9,76,59,13,7,13,85,39,45,24,54,84,33,46,53,14,93,61,59,24,60,56,98,64,80,65,65,41,71,100,95,64,91,87,60,62,61,1,50,83,80,0,51,5,65,21,86,59,96,52,68,90,45,59,61,13,97,98,61,89,0,70,87,88,36,1,86,22,50,74,25,45,71,77,42,82,16,76,37,75,13,49,74,10,77,66,100,72,87,63,77,62,52,84,75,74,25,81,13,34,60,60,24,45,70,77,87,62,28,93,17,15,44,70,1,84,48,49,0,13,36,47,41,55,16,64,73,58,18,60,79,71,53,66,75,55,97,60,16,33,39,13,84,33,60,22,38,17,93,20,82,16,96,79,70,28,60,16,26,43,3,86,48,5,20,79,33,32,61,0,57,90,39,84,81,4,31,8,59,28,82,91,41,63,22,64,66,39,7,31,79,99,50,6,0,28,32,78,33,1,3,83,96,26,53,61,69,54,92,81,37,41,22,71,88,43,76,16,2,5,8,82,85,17,69
2019-07-29,68,45,63,61,0,86,48,20,46,6,70,45,10,7,0,66,48,33,22,48,76,28,32,49,15,84,58,0,21,54,46,88,83,53,64,25,37,70,77,61,42,71,77,46,48,49,1,41,66,79,0,50,7,59,16,72,58,79,57,56,80,43,35,53,12,52,94,75,90,0,62,72,76,63,1,76,22,42,61,19,50,59,62,40,78,10,75,8,76,33,51,67,18,71,59,73,67,66,45,57,63,50,82,66,43,23,65,18,19,60,57,79,46,53,86,71,43,53,91,9,16,36,69,0,71,54,48,3,8,29,41,49,47,12,56,82,40,19,79,63,62,51,57,75,47,86,52,16,30,28,12,77,26,58,22,44,25,79,12,77,22,87,78,60,25,62,16,11,56,4,60,42,8,23,78,29,31,27,0,50,85,45,83,69,7,36,9,50,15,69,73,39,55,31,34,61,49,31,33,66,69,55,5,0,61,22,55,27,0,5,83,88,24,62,49,32,53,78,91,22,37,26,60,74,46,73,15,0,5,6,88,78,14,39
2019-07-30,72,45,61,84,34,87,46,20,44,7,76,55,14,5,12,63,64,28,21,50,77,25,45,49,16,84,56,26,20,56,46,88,76,67,67,25,38,70,83,47,39,71,37,38,57,51,0,39,59,76,0,52,5,70,21,69,60,77,51,52,78,37,32,52,12,64,93,74,89,3,59,74,84,37,0,81,16,38,49,27,41,61,65,41,84,14,68,24,77,22,54,65,18,72,56,73,64,60,78,66,60,39,88,65,46,19,81,15,24,66,62,70,36,55,87,82,45,62,95,9,19,30,69,0,61,57,52,10,11,19,50,51,46,12,57,75,31,17,39,56,54,50,53,68,55,82,45,16,31,32,12,81,26,62,14,43,15,85,1,82,16,87,78,63,33,63,15,11,40,3,60,45,12,22,78,25,36,54,0,48,86,43,84,75,5,33,18,41,12,69,74,28,53,30,57,64,40,6,33,59,76,63,4,6,42,23,55,30,0,8,97,91,20,63,64,45,52,79,93,37,39,26,57,79,46,67,12,0,2,5,87,90,22,49
2019-07-31,67,48,63,61,0,87,41,19,41,8,76,51,13,7,0,58,41,34,21,49,73,17,40,48,14,81,64,26,20,57,45,89,75,32,58,50,38,71,67,47,36,68,48,39,41,47,0,33,62,80,45,48,8,61,27,68,47,77,41,39,77,27,42,48,12,39,92,74,89,0,51,78,75,42,1,75,18,49,47,23,42,60,63,44,78,14,72,16,67,11,53,61,18,72,56,77,61,68,64,77,55,35,82,63,58,15,71,17,24,50,60,66,40,56,88,71,47,41,83,9,16,42,68,1,56,59,51,4,4,25,40,40,47,9,47,70,43,17,54,48,60,51,57,71,56,87,47,16,32,34,13,82,24,58,12,43,13,88,15,82,20,83,75,60,31,61,16,17,46,4,68,43,8,30,79,27,38,36,0,45,80,31,82,71,4,29,20,39,25,71,76,34,48,17,50,64,51,12,27,60,66,48,6,2,47,33,59,26,0,11,75,90,31,62,46,32,54,80,89,22,41,24,57,82,44,65,14,0,2,5,84,81,23,39
2019-08-01,64,47,59,53,0,86,34,18,41,6,75,46,14,6,58,63,44,31,21,71,72,22,51,47,11,82,58,0,20,53,45,85,71,54,61,16,37,62,64,60,37,62,57,47,52,53,0,33,55,82,44,48,8,61,23,77,57,79,35,41,73,44,38,53,13,25,90,71,85,3,59,80,72,26,0,79,28,37,53,24,42,62,64,40,77,13,77,40,67,27,50,66,22,72,54,74,60,56,66,74,51,40,81,53,64,16,69,13,19,49,55,79,36,57,89,75,55,34,88,9,23,58,61,9,61,64,38,3,6,26,44,35,50,8,53,71,23,15,56,50,63,50,55,65,48,85,51,19,29,30,12,82,27,64,16,40,14,83,12,80,18,81,79,51,25,50,16,19,52,3,71,44,8,28,78,22,37,27,0,53,73,26,84,61,3,31,24,48,17,68,72,40,56,24,52,59,46,0,38,59,57,67,3,2,69,27,62,23,0,3,91,85,14,61,59,38,55,77,92,37,36,21,59,78,50,67,30,0,6,1,78,78,14,46
2019-08-02,70,49,70,55,0,91,32,18,42,8,82,51,16,7,12,77,36,34,22,100,74,20,44,46,9,81,58,27,21,61,43,87,61,63,64,59,45,67,72,48,32,65,66,43,51,61,0,34,65,84,0,50,9,60,24,79,46,82,58,49,80,55,28,59,12,53,83,63,86,0,74,75,76,59,0,76,23,45,45,26,49,53,67,39,91,12,74,25,76,17,50,74,18,70,57,75,56,81,71,71,57,48,77,70,75,12,70,14,30,49,64,63,37,66,92,61,47,34,83,9,100,100,94,100,64,100,46,5,100,25,51,36,49,8,47,68,36,15,43,43,64,51,58,65,57,83,55,13,30,28,13,81,29,57,16,42,20,84,8,78,12,79,83,71,28,54,14,12,54,3,67,41,2,23,78,26,35,37,91,44,82,33,78,72,3,31,7,56,30,69,88,37,53,17,54,72,39,0,28,60,71,64,5,0,48,28,58,26,0,13,77,86,22,55,53,56,52,83,84,11,38,25,51,77,47,68,53,3,5,5,80,73,20,50
2019-08-03,79,54,66,62,0,88,30,23,46,7,92,56,16,7,0,93,41,38,25,78,75,21,55,52,14,90,65,0,21,64,51,90,55,55,66,46,44,68,71,73,54,88,58,60,51,57,1,35,72,83,100,45,67,56,18,70,55,98,57,45,87,39,45,54,12,43,85,56,86,0,66,70,72,41,2,78,16,59,54,28,53,50,77,39,86,16,69,100,79,12,44,66,18,71,62,76,65,99,77,80,61,42,78,53,82,9,91,13,65,63,63,73,22,81,82,73,60,29,87,11,70,74,83,43,53,78,47,3,58,36,53,55,54,8,49,63,70,18,52,54,63,52,64,65,49,92,54,14,30,32,15,85,30,63,17,57,15,91,8,83,20,86,75,61,28,48,15,16,48,4,79,49,7,28,72,34,32,50,0,48,89,45,85,75,4,31,18,68,16,73,90,44,57,25,68,68,40,0,24,68,71,64,5,4,36,23,62,29,0,15,87,90,23,53,56,50,49,91,83,34,41,17,63,84,51,75,77,0,2,3,84,73,18,54
2019-08-04,72,51,71,59,0,85,29,21,39,7,85,61,18,6,13,90,58,37,26,74,83,21,41,52,17,91,62,29,23,64,46,91,59,60,68,9,45,71,63,53,48,84,49,56,45,63,1,34,49,81,0,49,90,69,36,71,57,95,64,52,100,58,38,55,11,63,91,61,86,0,49,81,77,30,0,85,23,46,38,35,49,64,71,36,100,13,100,83,65,31,48,72,25,75,61,81,71,83,63,72,63,55,78,56,44,13,74,18,100,56,63,74,36,69,76,94,46,26,88,10,38,68,78,21,53,70,47,3,28,22,50,55,53,6,44,63,67,14,40,48,60,50,65,74,50,95,46,15,26,42,13,95,25,57,15,42,20,86,0,82,16,87,71,66,29,62,16,22,52,3,63,48,4,32,79,24,39,51,100,77,81,28,86,79,4,30,15,43,16,77,87,29,55,16,67,81,42,7,19,71,77,65,4,5,42,23,65,29,0,9,81,99,26,49,60,33,52,96,74,20,41,19,61,81,54,71,100,2,2,6,89,84,19,47
2019-08-05,59,44,54,52,0,87,24,17,47,7,72,46,12,5,12,69,36,30,22,62,78,26,39,47,24,79,58,26,21,53,41,88,77,95,61,41,38,62,64,42,81,75,81,44,36,62,0,30,58,93,0,43,90,63,21,70,42,80,41,43,79,29,37,56,12,56,91,70,85,0,72,77,85,52,0,87,21,49,39,31,44,56,61,39,94,12,61,73,69,100,51,70,15,72,56,80,70,58,60,70,50,41,75,77,100,8,80,17,78,48,61,49,28,58,77,91,57,21,85,9,43,63,71,14,52,62,44,5,17,22,39,43,46,7,43,72,59,14,27,41,53,49,53,67,53,81,42,17,24,28,6,83,18,65,13,50,41,78,11,78,15,79,80,58,30,66,17,11,43,2,59,38,10,28,79,24,36,9,0,47,78,45,82,59,2,28,16,26,54,72,78,23,51,33,53,51,42,19,16,59,67,57,4,2,57,25,63,20,9,0,84,92,28,59,56,16,49,81,88,13,46,27,50,77,49,65,99,0,3,5,81,69,19,100
2019-08-06,61,42,58,44,68,86,28,19,38,8,77,45,11,5,0,63,43,35,21,61,76,27,45,46,18,83,58,0,21,52,42,85,70,49,60,16,41,65,58,69,47,68,66,36,41,53,0,29,68,98,44,41,91,63,21,62,72,78,56,51,77,37,38,43,12,51,90,75,83,0,47,76,79,21,0,80,20,49,43,31,45,48,59,35,88,10,71,8,76,17,48,69,13,71,56,77,66,56,53,69,54,41,79,71,84,12,75,12,76,44,55,57,12,58,87,78,49,21,83,8,30,49,79,17,60,69,41,8,23,28,39,47,45,7,43,69,43,14,55,44,55,50,53,66,48,85,44,18,24,36,9,90,23,65,15,38,18,78,5,81,16,87,79,52,32,45,16,29,33,3,52,46,8,28,82,23,26,62,0,59,84,30,86,63,3,28,22,38,20,69,76,29,55,22,50,50,35,12,16,60,74,58,4,6,47,19,62,20,5,8,87,90,19,61,60,35,50,79,88,28,100,26,54,80,41,66,69,2,2,2,84,75,19,56
2019-08-07,62,43,58,42,34,87,22,19,43,6,75,46,13,5,0,56,33,33,22,54,73,18,43,47,15,80,49,51,21,54,40,87,64,52,63,41,41,68,63,37,30,65,77,47,39,54,0,28,69,86,0,42,82,60,18,66,39,76,56,48,72,49,28,57,11,59,91,74,82,0,45,73,83,26,0,81,16,50,47,19,45,41,61,34,88,11,77,32,90,16,56,62,12,75,54,78,60,64,66,85,46,41,79,59,42,8,78,32,73,55,61,87,37,52,88,68,50,25,89,8,30,52,70,12,51,66,41,52,19,23,53,44,42,6,38,69,35,11,44,45,54,49,49,81,51,81,40,16,23,23,10,88,29,62,17,39,10,76,7,83,17,80,85,45,28,62,17,10,30,3,55,41,4,27,75,28,39,18,0,47,82,30,82,71,4,26,16,46,20,71,78,43,55,24,43,46,44,6,27,59,85,58,4,2,40,21,60,22,0,8,92,85,28,59,51,22,51,79,90,24,98,23,50,84,44,63,65,0,2,2,85,77,24,34
2019-08-08,60,38,63,41,0,87,23,17,45,5,81,48,11,7,0,64,45,32,21,51,75,23,38,46,21,80,56,51,26,53,47,85,62,45,55,65,36,67,79,32,39,61,49,49,44,52,0,28,61,85,0,39,82,56,18,61,53,75,46,42,73,34,39,50,11,47,90,78,87,0,56,75,73,62,0,88,16,45,40,22,43,50,66,37,94,11,77,48,76,44,45,76,17,72,55,73,75,60,50,93,54,44,80,51,57,12,65,28,83,57,56,54,36,57,85,65,43,17,83,8,32,65,64,8,56,62,41,39,13,21,46,41,49,6,40,69,35,13,58,45,54,51,59,68,53,82,42,18,20,29,7,86,23,63,16,41,29,79,12,81,14,84,89,58,24,54,16,15,40,3,63,46,11,28,73,25,34,53,0,52,75,40,76,68,4,30,11,48,17,73,76,29,57,22,42,50,38,0,0,58,56,73,4,5,43,26,64,25,0,10,80,88,24,59,56,47,50,82,89,13,59,26,57,76,44,66,48,3,6,5,83,78,18,43
2019-08-09,66,48,65,47,0,93,25,20,42,8,84,53,13,6,12,77,58,32,23,52,76,100,44,51,20,87,58,0,28,55,48,92,62,62,60,69,41,68,89,97,46,70,69,32,52,57,0,29,83,87,0,49,88,59,25,69,67,86,70,63,80,47,31,58,13,54,88,68,86,0,71,77,90,44,1,81,23,47,43,28,43,58,69,36,91,10,81,25,71,12,55,68,14,72,59,76,64,79,61,76,55,47,83,62,52,13,85,100,71,100,55,79,35,67,88,63,57,26,87,10,29,73,63,8,55,55,48,21,16,40,55,56,47,6,40,71,41,14,58,42,58,57,52,69,60,86,47,22,19,37,10,84,24,62,17,42,14,83,16,81,17,83,98,44,28,59,16,12,50,4,66,63,6,27,81,27,32,65,0,55,81,36,83,79,5,25,9,50,24,70,77,30,56,20,61,46,47,6,11,62,86,46,4,5,54,23,63,28,1,14,74,88,34,59,71,43,50,93,92,21,48,25,57,86,46,66,55,2,2,3,89,80,18,41
2019-08-10,74,51,65,54,38,86,26,18,47,13,91,52,17,6,13,89,68,39,25,55,78,81,41,50,21,88,56,0,28,65,54,91,49,67,67,74,44,74,79,100,84,83,56,75,42,63,1,29,72,83,0,42,100,62,36,79,72,99,41,37,93,37,46,56,13,82,85,57,88,3,74,85,76,47,0,81,25,61,30,38,51,53,74,41,81,12,78,83,90,38,39,93,19,72,59,77,57,97,64,99,51,54,80,67,95,11,77,50,86,62,60,88,36,74,82,95,47,17,90,12,27,34,68,6,49,56,52,16,4,28,53,51,53,7,42,62,53,16,39,55,63,50,58,75,47,94,49,20,19,38,5,85,30,63,19,53,17,89,14,79,15,84,76,36,29,54,15,19,43,3,72,71,0,21,78,25,38,10,0,52,79,41,83,82,3,29,23,45,21,78,86,52,60,28,62,73,49,14,49,69,76,51,5,4,32,23,62,30,1,21,81,90,30,53,73,54,49,100,81,17,45,20,68,85,47,71,52,2,5,4,83,80,13,88
2019-08-11,72,50,58,51,0,84,26,20,41,9,88,52,12,7,26,85,43,40,25,59,75,63,50,53,23,89,62,0,30,61,52,96,49,67,67,46,44,70,64,58,73,90,77,48,48,50,1,31,74,85,0,46,96,64,9,76,55,95,35,50,94,42,34,60,11,87,92,59,87,0,44,71,75,59,0,79,26,50,43,24,50,63,75,35,90,16,87,37,72,6,47,86,19,75,60,75,78,85,70,100,52,44,79,63,35,13,57,38,87,68,59,50,36,66,75,87,42,16,93,11,32,29,57,4,58,58,44,12,11,21,49,50,52,7,40,65,58,13,19,40,62,51,66,78,54,95,54,19,22,31,5,96,32,52,14,39,13,81,29,86,14,88,78,41,31,48,16,19,51,4,75,52,1,18,76,29,41,10,0,46,88,37,87,73,4,40,18,46,23,79,89,34,56,22,48,66,55,7,49,72,78,64,3,0,42,17,60,29,0,3,79,91,21,51,59,29,49,95,77,20,45,22,73,86,52,73,63,0,9,10,81,69,10,63
2019-08-12,62,39,50,41,0,88,21,17,38,7,86,47,12,5,0,70,39,30,22,53,82,59,38,47,10,82,57,52,35,49,43,91,77,46,59,75,33,64,69,75,42,67,62,44,45,59,1,24,65,91,0,36,80,61,16,60,60,79,31,48,78,35,27,48,11,60,97,76,88,0,64,66,81,42,1,87,18,33,38,26,43,58,65,36,99,11,81,41,91,28,54,72,15,87,57,82,64,56,40,67,54,38,84,63,58,11,60,35,65,63,62,66,40,55,84,68,40,19,89,9,28,36,80,10,46,59,37,10,8,23,49,39,44,7,36,67,28,16,35,43,54,55,59,74,49,87,40,100,20,29,4,96,22,53,13,35,25,74,7,81,13,85,82,38,27,57,17,14,25,4,59,40,5,21,84,27,30,45,0,53,88,47,87,72,4,33,20,46,18,73,94,23,62,14,48,60,39,12,22,57,75,65,4,3,47,23,61,26,0,5,86,91,20,60,60,35,52,88,91,22,46,22,54,83,61,64,45,0,0,6,87,70,12,37
2019-08-13,57,38,52,41,100,88,22,18,41,7,72,50,11,5,34,61,38,33,24,50,81,52,40,47,11,83,56,0,33,53,38,89,66,75,69,57,34,70,64,41,62,66,61,37,51,84,1,22,64,97,0,45,73,71,21,68,66,76,45,50,74,41,25,48,9,38,95,79,92,0,50,75,75,36,0,83,28,45,33,25,44,49,61,44,84,9,80,56,100,22,47,68,19,82,54,84,54,60,71,55,52,43,84,66,64,10,66,32,71,77,53,31,20,55,86,67,37,13,94,9,21,57,68,6,43,72,45,9,13,16,40,53,41,7,38,72,23,15,50,44,50,58,55,75,50,88,35,67,18,25,4,87,18,51,13,29,22,76,9,83,11,89,89,53,27,71,16,26,54,3,63,37,7,21,81,23,100,18,0,58,84,22,80,64,3,30,7,38,24,68,78,31,60,14,57,51,36,0,37,59,80,54,3,2,61,20,60,24,0,3,96,88,17,63,51,56,51,81,94,24,87,24,59,76,57,65,34,2,3,4,79,83,16,50
2019-08-14,56,36,51,39,32,87,21,17,38,5,79,44,10,5,33,67,39,30,21,49,83,38,37,46,13,79,52,0,29,53,40,87,66,55,70,15,40,63,55,95,51,63,69,35,33,96,0,22,56,93,0,35,79,58,24,59,43,76,52,58,69,32,30,60,10,44,92,75,88,0,57,71,65,15,1,84,19,37,40,23,40,44,65,41,91,9,76,45,90,5,54,70,11,80,52,74,59,55,61,93,48,42,81,65,43,8,63,37,61,61,50,73,26,54,85,65,44,12,90,9,22,36,71,10,53,53,40,14,12,16,41,46,43,6,35,74,40,13,39,43,56,59,54,73,53,84,49,25,17,27,2,88,23,50,9,46,14,74,6,85,12,82,80,50,28,46,16,10,30,3,67,53,7,19,74,20,63,25,0,45,76,24,80,71,4,31,13,44,19,64,78,35,61,18,61,52,40,12,15,57,71,51,3,3,54,23,55,25,0,7,84,92,25,60,58,36,50,79,89,24,83,28,51,83,65,61,28,1,6,5,83,80,13,52
2019-08-15,56,39,56,42,0,86,23,20,40,7,76,53,10,6,24,64,41,36,22,49,85,39,46,47,14,86,63,0,29,55,39,87,61,61,66,50,41,67,56,84,50,65,95,36,48,68,1,23,64,93,0,42,79,62,11,66,66,76,46,50,74,32,42,60,11,51,91,77,90,0,61,77,78,37,3,90,18,53,39,25,45,52,72,36,87,15,77,16,81,17,57,73,15,78,55,79,63,68,73,66,49,38,82,70,54,10,66,23,58,69,51,47,44,56,88,68,44,13,91,9,19,48,73,7,46,54,36,12,8,18,48,38,41,7,38,68,39,13,37,47,60,63,57,73,52,84,47,20,17,32,4,95,21,57,11,50,15,75,16,84,16,86,75,46,29,66,15,13,43,4,64,44,10,21,77,22,50,36,0,61,78,30,83,76,3,26,18,51,19,68,70,30,56,44,71,67,35,6,16,60,73,51,4,2,39,23,64,21,0,8,76,86,23,62,62,29,50,82,90,28,54,22,61,86,91,67,33,2,3,6,77,76,14,54
2019-08-16,63,45,63,42,0,89,23,19,43,12,81,49,12,6,36,81,38,43,60,49,79,36,44,48,15,89,52,0,29,54,43,89,81,42,66,34,33,71,57,48,62,65,76,41,49,81,100,22,61,93,46,42,77,60,100,57,62,82,58,92,74,28,32,55,12,74,93,73,91,78,83,80,76,32,100,92,30,92,40,33,45,59,80,44,89,12,69,58,81,23,62,86,14,78,57,73,59,86,80,91,57,37,85,68,59,9,69,31,71,68,52,54,18,68,93,72,34,13,85,9,23,51,58,6,53,61,40,9,8,29,50,46,50,7,39,64,24,14,35,51,52,69,49,78,68,86,42,18,16,33,4,84,23,60,16,33,20,78,8,83,13,89,90,56,32,66,16,17,54,3,83,51,5,19,74,21,50,18,0,46,87,27,81,72,2,28,18,53,21,65,76,38,57,17,50,57,40,6,6,61,78,60,3,2,43,22,59,21,0,3,87,88,29,61,63,33,52,84,89,22,47,23,56,90,55,59,26,0,3,5,84,78,18,32
2019-08-17,67,50,67,49,0,83,26,21,41,8,92,58,13,5,39,93,39,36,41,53,79,36,39,53,16,95,58,0,30,62,50,91,74,63,75,100,35,70,67,67,54,85,64,57,38,75,57,25,76,85,0,43,89,62,82,77,77,96,79,89,78,39,44,62,12,61,87,60,91,93,70,83,87,63,66,93,20,75,41,27,48,58,85,50,89,14,76,36,80,24,55,100,23,74,59,79,66,93,61,79,54,55,83,74,34,9,78,30,71,83,59,65,38,81,89,91,43,17,93,10,29,56,61,2,49,57,41,8,6,40,46,45,43,8,45,60,39,15,40,41,60,53,58,73,64,98,54,15,19,33,10,91,20,61,16,66,13,79,9,88,19,84,71,58,36,52,16,8,42,2,79,63,7,20,76,23,50,20,0,61,85,29,87,85,5,34,12,61,19,75,96,32,64,21,66,69,47,21,18,67,70,44,2,7,50,32,60,30,0,6,79,92,20,54,63,28,48,94,82,10,45,21,72,88,48,72,32,0,2,3,85,76,20,43
2019-08-18,69,44,59,50,0,86,20,19,42,9,93,60,13,6,65,83,44,36,39,56,84,32,42,53,18,94,57,0,33,63,48,94,74,83,83,37,43,72,73,93,58,81,46,73,50,83,34,25,76,88,50,43,64,58,44,66,73,94,40,100,84,49,38,62,11,100,97,62,91,60,67,86,83,52,22,87,14,71,46,28,49,77,79,43,87,11,81,72,88,19,53,88,11,74,61,89,54,86,71,79,54,45,86,84,68,7,67,24,73,74,55,64,31,68,79,73,37,13,94,11,16,35,64,3,55,58,41,8,17,25,48,44,44,10,42,62,61,15,38,45,57,53,65,86,54,100,48,17,15,61,4,100,26,59,9,40,9,83,18,96,12,90,86,54,32,59,15,20,42,3,74,57,4,18,72,23,47,20,98,50,96,29,87,86,4,32,10,60,34,73,88,36,56,28,81,61,49,7,42,71,78,65,3,0,43,23,70,24,0,9,81,94,26,54,69,39,51,89,82,24,45,25,69,88,45,73,27,0,0,4,90,80,29,65
2019-08-19,50,41,52,35,0,82,21,17,36,5,76,46,10,6,45,56,32,33,31,49,78,30,40,47,14,82,57,25,29,56,36,87,100,56,77,39,35,74,77,36,23,60,53,40,43,65,23,23,71,89,0,38,65,66,20,67,99,78,64,75,70,30,38,54,10,82,99,80,90,100,72,66,73,55,25,89,22,62,43,27,45,63,64,39,87,11,84,47,94,11,60,74,12,76,53,76,60,55,46,77,48,36,84,61,70,7,67,26,68,63,51,67,27,44,77,62,33,12,83,8,28,39,77,6,40,51,40,7,11,15,38,34,44,8,28,70,71,11,36,39,47,60,50,71,56,84,36,19,15,32,2,89,14,64,13,30,11,72,3,85,16,85,87,47,29,48,17,12,34,3,64,48,7,22,85,22,40,17,0,42,73,21,82,73,4,26,11,51,18,66,72,21,61,13,57,63,36,6,26,59,71,45,3,2,37,19,66,15,0,5,84,92,18,62,49,24,53,76,95,23,42,24,53,78,48,65,31,0,2,2,86,69,16,30
2019-08-20,51,54,51,42,33,87,20,14,39,9,80,45,11,6,11,50,37,33,28,45,80,27,42,47,14,83,52,25,29,47,40,90,88,49,75,64,32,70,71,90,39,58,66,29,36,61,17,20,72,86,0,36,69,64,33,53,95,76,30,64,72,37,32,52,11,50,96,80,85,49,45,76,65,56,17,90,21,58,34,19,42,54,66,40,84,12,79,47,90,11,50,64,17,79,51,76,73,52,72,73,55,29,88,55,56,9,72,25,50,61,53,70,27,45,82,64,43,10,94,8,24,46,76,4,48,64,34,7,9,17,36,47,42,7,36,68,53,12,42,34,49,64,57,72,60,86,40,20,14,27,4,92,19,73,10,48,17,74,8,81,14,88,74,54,33,66,16,11,29,3,65,39,8,19,79,28,38,17,0,37,82,27,86,68,4,33,15,51,18,66,67,36,55,24,52,51,41,0,11,57,61,73,3,2,47,24,60,21,1,8,89,96,17,69,52,52,54,77,100,21,71,26,52,78,51,68,30,2,5,7,85,75,14,50
2019-08-21,56,49,65,38,0,89,17,17,38,7,85,51,10,6,11,56,33,29,29,46,80,27,46,45,12,81,53,0,29,52,35,84,86,59,73,48,31,71,63,72,56,58,64,40,34,71,20,20,58,87,0,41,70,65,53,53,95,75,54,57,73,30,25,61,9,62,96,79,86,33,38,69,62,35,13,90,13,54,44,20,45,51,61,36,83,9,83,16,93,0,67,68,17,81,53,77,77,55,72,81,50,36,87,69,59,7,66,26,53,58,51,65,21,48,81,70,47,10,92,9,22,42,85,3,42,48,38,6,6,22,36,43,37,6,38,82,53,12,49,47,51,65,55,86,42,82,42,16,15,28,4,85,15,66,10,64,11,73,7,83,10,86,87,52,28,67,16,8,27,2,59,56,7,20,77,25,34,0,0,40,75,25,83,68,4,29,17,37,17,67,74,32,53,16,41,38,28,12,21,56,66,68,3,3,45,20,62,20,0,3,79,96,18,70,45,37,56,78,97,17,71,24,58,79,52,57,26,0,5,1,90,82,16,40
2019-08-22,51,42,59,37,66,88,18,16,40,6,79,47,10,8,23,53,37,31,44,46,72,24,31,46,16,79,57,25,30,55,41,86,81,61,70,56,35,69,52,63,42,58,66,40,42,71,21,21,81,87,0,37,70,61,28,58,77,73,40,60,70,31,22,61,9,29,96,77,85,36,62,71,80,46,13,88,13,48,33,21,44,70,66,41,91,7,81,71,93,11,64,81,26,77,55,81,74,58,77,77,51,39,88,74,37,8,67,20,77,55,50,55,33,47,79,71,42,11,91,8,24,41,75,1,47,70,36,8,13,13,46,38,40,8,31,71,38,12,34,35,50,70,56,74,48,82,37,16,17,31,2,89,22,60,9,34,17,71,12,81,13,87,81,54,26,70,16,10,46,3,71,43,2,22,74,25,38,35,0,51,82,22,79,69,3,29,17,34,30,60,79,21,49,24,55,59,30,6,21,58,59,59,3,2,57,25,62,19,0,8,81,88,25,69,61,34,59,73,95,36,44,29,57,86,51,63,20,3,8,1,83,71,17,33
2019-08-23,56,44,71,39,33,87,17,17,38,8,77,46,14,10,12,70,39,36,100,48,77,26,43,48,12,79,52,0,31,58,41,84,76,74,88,81,32,61,79,51,48,62,83,47,49,75,11,20,68,93,0,37,74,65,23,59,83,80,86,78,72,31,41,64,11,84,87,75,86,39,75,71,71,57,8,91,12,55,31,21,39,54,66,40,87,11,71,24,85,22,58,74,11,74,55,78,70,76,75,67,53,32,95,75,57,8,67,28,72,51,50,58,39,56,78,70,38,11,79,8,21,52,78,5,49,47,38,9,8,22,44,51,43,12,29,71,46,12,37,39,52,78,50,72,54,84,41,18,16,27,5,86,23,70,13,51,6,74,8,87,12,86,78,53,26,60,15,15,47,3,67,50,9,23,74,19,42,27,0,55,79,32,77,71,3,26,11,36,29,64,73,22,52,19,46,52,39,6,21,74,53,77,3,0,41,27,60,21,0,5,76,84,26,61,61,35,55,78,89,24,40,23,55,100,52,61,20,0,3,2,90,78,20,55
2019-08-24,63,53,70,46,0,81,23,18,43,10,92,51,12,9,13,86,46,40,61,54,75,24,56,52,20,89,58,0,35,57,46,93,65,73,100,74,38,75,70,42,66,78,58,45,43,70,10,22,98,93,0,41,84,57,36,66,100,97,69,58,83,28,34,74,11,48,85,58,88,35,68,87,99,100,2,88,19,74,41,29,45,58,79,42,91,11,76,55,77,6,44,75,15,74,58,80,77,96,78,90,55,43,93,71,65,7,69,19,84,70,59,88,34,69,80,78,49,10,93,10,22,49,66,3,55,50,32,10,11,23,44,51,45,10,44,64,71,15,39,43,59,54,67,78,55,94,47,12,15,28,11,87,16,69,12,53,20,83,6,98,14,91,88,53,27,52,14,14,54,3,73,58,4,26,69,22,42,30,0,45,74,41,87,82,5,30,18,58,25,74,83,30,54,19,71,54,28,0,18,69,76,68,3,2,40,22,57,25,0,3,69,91,28,54,57,47,51,89,83,22,43,20,69,100,49,68,31,0,5,4,89,76,12,52
2019-08-25,62,43,78,43,0,86,22,18,43,11,84,57,13,9,0,82,48,39,49,56,77,24,45,51,17,92,64,0,42,60,48,100,73,70,88,64,42,67,73,73,38,79,55,54,38,71,7,21,76,89,50,37,69,64,38,62,98,93,63,65,86,34,34,74,12,48,92,64,89,31,68,82,82,47,9,100,26,71,54,20,49,58,78,38,89,13,66,82,76,19,53,92,14,76,61,88,85,91,71,65,61,42,100,72,39,4,84,25,81,64,54,54,31,63,77,85,46,8,89,10,35,40,70,2,47,48,35,18,2,25,44,52,53,11,42,67,57,17,31,38,60,54,69,72,48,96,45,19,16,37,10,95,20,69,12,48,11,81,11,94,12,82,62,50,29,66,14,22,48,3,74,68,4,24,72,32,43,10,0,48,82,23,83,74,4,30,28,49,16,74,83,36,53,15,62,75,42,14,36,69,82,61,3,4,32,27,67,22,0,3,67,99,30,59,53,50,52,88,85,34,41,24,67,97,44,61,38,0,2,5,93,81,27,52
2019-08-26,49,36,58,32,32,86,17,17,40,8,76,40,16,7,11,61,35,32,40,47,70,26,39,44,9,78,52,49,69,56,34,90,94,53,76,39,31,66,47,53,28,54,73,42,46,69,8,17,63,91,0,35,62,65,30,51,76,76,25,70,71,29,27,68,9,29,94,76,88,16,71,72,63,35,7,91,28,61,43,23,43,50,63,42,91,11,81,47,94,11,67,85,16,80,52,77,78,69,48,78,49,39,89,65,59,6,65,26,42,48,48,75,19,49,72,64,36,14,81,8,20,46,73,2,45,52,31,20,2,16,41,33,45,7,34,74,68,14,33,35,50,67,57,69,49,80,37,19,13,28,9,88,18,68,12,29,8,74,3,84,12,81,76,36,24,63,16,8,63,3,68,75,3,25,75,23,37,0,0,52,76,43,79,60,5,27,15,37,15,59,80,33,63,26,50,51,26,24,21,56,62,63,3,0,43,23,64,18,0,12,91,93,16,69,41,27,56,73,94,31,38,23,50,89,45,62,27,0,0,2,94,78,41,33
2019-08-27,66,42,95,40,32,87,17,16,33,11,74,57,19,28,11,56,30,32,40,51,80,27,44,45,12,79,55,0,100,47,38,92,100,41,77,94,33,75,67,75,34,49,69,42,41,100,70,16,79,90,0,38,62,66,25,56,95,73,29,69,71,41,27,74,7,24,95,80,86,27,52,73,70,20,10,92,18,49,47,29,41,62,66,43,88,12,82,62,98,11,64,73,14,84,52,77,83,57,51,93,49,31,92,64,47,5,74,22,52,72,52,44,27,42,76,73,62,13,92,8,16,44,93,1,47,51,34,17,9,20,39,41,37,6,31,81,60,11,42,47,50,72,61,70,51,81,35,18,11,29,3,85,20,76,11,27,14,74,4,87,12,82,83,44,28,61,16,17,34,2,64,59,6,23,77,25,40,17,0,42,76,29,80,66,4,23,15,39,18,64,69,18,69,34,53,56,33,12,26,58,76,58,3,2,65,21,60,23,0,0,89,92,17,70,52,21,59,74,95,15,59,23,50,85,52,64,24,0,0,6,79,76,42,35
2019-08-28,59,40,87,34,32,85,18,15,40,9,74,47,17,15,22,58,31,34,35,47,77,27,39,45,13,78,53,24,86,48,35,87,85,37,72,46,32,67,44,78,38,51,67,31,37,73,41,16,69,87,0,39,66,72,42,50,87,70,38,67,68,40,29,78,8,28,91,76,84,29,49,71,62,59,9,92,18,51,36,100,38,60,73,40,87,14,88,23,84,16,73,59,13,80,51,76,81,60,68,82,47,34,90,70,36,6,72,22,57,70,50,61,17,46,75,60,52,12,93,8,23,53,86,1,49,48,33,17,12,22,39,68,40,6,36,76,37,11,44,42,48,71,63,69,53,81,34,19,12,30,5,89,13,58,13,43,6,69,8,87,14,81,69,37,27,75,16,13,54,2,58,68,6,27,71,28,39,8,0,48,75,17,84,63,3,25,15,40,14,62,71,29,57,26,29,61,46,35,10,55,58,73,2,2,53,28,62,18,0,5,95,88,20,70,43,24,58,74,94,29,66,26,51,86,53,57,13,2,5,0,81,80,66,45
2019-08-29,56,40,89,36,0,88,20,16,40,7,84,48,20,11,11,51,28,33,34,46,77,24,39,44,13,78,58,0,84,46,43,88,92,60,71,63,35,67,59,62,39,51,84,34,47,87,23,17,80,90,0,33,53,67,33,54,78,73,44,77,67,43,40,82,9,24,94,77,88,21,61,70,73,30,5,91,24,56,39,75,38,54,75,35,79,10,79,23,87,21,76,71,22,83,51,78,74,62,77,79,58,33,88,59,18,6,62,29,49,65,48,60,27,47,78,65,56,18,86,8,25,66,92,1,53,42,45,27,13,14,37,88,35,6,34,81,41,12,40,46,47,75,66,60,56,85,37,20,13,24,4,85,20,62,11,31,12,73,1,95,13,83,77,36,29,72,16,17,48,2,63,75,5,22,77,27,35,26,0,41,78,31,85,65,3,22,19,42,22,62,73,32,56,10,55,53,40,18,26,56,85,47,2,3,72,22,61,19,0,2,84,93,15,73,55,33,58,73,95,23,42,26,52,85,54,63,16,0,3,1,80,83,49,46
2019-08-30,62,45,92,36,0,87,16,16,36,8,91,48,18,11,11,64,30,34,34,47,76,25,32,45,13,78,57,0,81,52,40,88,78,43,75,79,29,69,53,58,56,57,59,36,37,83,20,16,93,86,0,30,56,62,15,52,78,81,49,80,67,38,26,82,8,45,90,73,85,11,61,66,74,30,7,85,35,54,41,53,42,58,81,39,85,11,82,54,83,21,73,72,19,74,53,84,74,78,73,84,54,42,87,75,15,7,75,37,45,62,52,47,29,56,81,74,51,15,84,8,16,69,84,1,44,50,36,100,4,17,41,78,38,6,37,74,60,11,38,44,52,80,64,63,45,85,43,18,11,26,2,83,19,70,11,28,11,72,8,100,11,85,75,44,25,75,15,16,41,3,65,70,8,20,73,24,34,0,0,42,84,31,74,69,4,22,30,45,24,63,69,30,55,21,39,65,43,18,5,59,55,58,3,0,35,24,58,18,0,15,80,91,20,66,50,34,54,80,92,15,38,25,47,83,57,59,16,3,3,4,76,79,52,51
2019-08-31,69,47,100,43,0,86,22,18,38,11,100,53,14,11,0,79,40,42,36,50,74,26,32,49,18,86,65,0,90,64,47,89,63,55,71,9,40,69,70,65,75,75,55,60,39,89,18,19,100,86,0,37,78,57,45,67,81,95,50,61,74,47,27,100,6,41,85,61,87,12,56,83,76,34,7,81,16,62,44,45,40,73,89,43,83,11,79,35,69,18,47,81,17,75,57,78,73,100,81,86,55,44,84,77,29,5,76,35,72,60,54,45,37,71,73,83,59,11,85,9,12,31,58,4,41,62,35,63,6,20,43,91,41,5,34,63,59,13,28,55,55,55,76,74,38,93,42,14,13,23,6,84,21,61,12,32,17,80,4,95,13,88,71,45,25,50,14,12,54,2,67,76,1,20,72,24,40,29,0,60,80,22,80,81,5,23,24,57,23,67,94,22,59,15,71,66,38,33,23,65,70,63,3,2,56,20,60,25,0,6,77,87,20,59,55,38,46,87,85,12,41,16,59,85,49,66,24,0,3,3,84,86,52,47
